date,y_pct,y_dec
2016-01-04,8884.0,88.84
2016-01-05,8875.0,88.75
2016-01-06,8839.0,88.39
2016-01-07,8868.0,88.68
2016-01-08,8837.0,88.37
2016-01-10,8837.0,88.37
2016-01-11,8852.0,88.52
2016-01-12,8722.0,87.22
2016-01-13,8599.0,85.99
2016-01-14,8531.0,85.31
2016-01-15,8496.0,84.96
2016-01-18,8536.0,85.36
2016-01-19,8642.0,86.42
2016-01-20,8598.0,85.98
2016-01-21,8528.0,85.28
2016-01-22,8455.0,84.55
2016-01-25,8341.0,83.41
2016-01-26,8387.0,83.87
2016-01-27,8352.0,83.52
2016-01-28,8321.0,83.21
2016-01-29,8170.999999999999,81.71
2016-02-01,8048.999999999999,80.49
2016-02-02,8075.0,80.75
2016-02-03,8117.0,81.17
2016-02-04,8095.999999999999,80.96
2016-02-05,7966.0,79.66
2016-02-09,7979.000000000001,79.79
2016-02-10,7956.999999999999,79.57
2016-02-11,7843.000000000001,78.43
2016-02-12,7851.000000000001,78.51
2016-02-14,7851.000000000001,78.51
2016-02-15,7.84,0.0784
2016-02-16,7797.0,77.97
2016-02-17,7839.0,78.39
2016-02-18,7831.0,78.31
2016-02-19,7845.999999999999,78.46
2016-02-22,7858.0,78.58
2016-02-23,7842.0,78.42
2016-02-24,7901.000000000001,79.01
2016-02-25,7937.0,79.37
2016-02-26,7933.0,79.33
2016-02-29,7.960000000000001,0.0796
2016-03-01,7.969999999999999,0.0797
2016-03-02,7877.0,78.77
2016-03-03,7773.999999999999,77.74
2016-03-04,7738.0,77.38
2016-03-07,7566.0,75.66
2016-03-08,7583.0,75.83
2016-03-09,7583.0,75.83
2016-03-10,7548.0,75.48
2016-03-11,7466.0,74.66
2016-03-14,7339.0,73.39
2016-03-15,7354.000000000001,73.54
2016-03-16,7383.0,73.83
2016-03-17,7367.0,73.67
2016-03-18,7308.0,73.08
2016-03-21,7368.000000000001,73.68
2016-03-22,7406.999999999999,74.07
2016-03-23,7431.999999999999,74.32
2016-03-24,7456.999999999999,74.57
2016-03-28,7486.0,74.86
2016-03-29,7517.0,75.17
2016-03-30,7462.0,74.62
2016-03-31,7442.0,74.42
2016-04-01,7328.0,73.28
2016-04-04,7333.0,73.33
2016-04-05,7381.0,73.81
2016-04-06,7.37,0.0737
2016-04-07,7356.999999999999,73.57
2016-04-08,7.359999999999999,0.0736
2016-04-11,7334.999999999999,73.35
2016-04-12,7329.000000000001,73.29
2016-04-13,7284.999999999999,72.85
2016-04-14,7316.0,73.16
2016-04-15,7265.000000000001,72.65
2016-04-18,7306.0,73.06
2016-04-19,7264.0,72.64
2016-04-20,7238.0,72.38
2016-04-21,7231.999999999999,72.32
2016-04-22,7298.0,72.98
2016-04-25,7379.000000000001,73.79
2016-04-26,7377.0,73.77
2016-04-27,7366.0,73.66
2016-04-28,7365.000000000001,73.65
2016-04-29,7434.0,74.34
2016-05-02,7463.0,74.63
2016-05-03,7441.0,74.41
2016-05-04,7434.0,74.34
2016-05-09,7429.000000000001,74.29
2016-05-10,7494.0,74.94
2016-05-11,7509.0,75.09
2016-05-12,7542.0,75.42
2016-05-13,7.5,0.075
2016-05-16,7451.000000000001,74.51
2016-05-17,7443.000000000001,74.43
2016-05-18,7431.999999999999,74.32
2016-05-19,7537.0,75.37
2016-05-20,7594.0,75.94
2016-05-23,7613.0,76.13
2016-05-24,7593.000000000001,75.93
2016-05-25,7.539999999999999,0.0754
2016-05-26,7545.999999999999,75.46
2016-05-27,7542.0,75.42
2016-05-30,7548.0,75.48
2016-05-31,7556.999999999999,75.57
2016-06-01,7544.0,75.44
2016-06-02,7553.0,75.53
2016-06-03,7531.0,75.31
2016-06-06,7489.0,74.89
2016-06-07,7484.999999999999,74.85
2016-06-08,7438.0,74.38
2016-06-09,7405.0,74.05
2016-06-10,7456.0,74.56
2016-06-13,7455.0,74.55
2016-06-14,7456.999999999999,74.57
2016-06-15,7475.0,74.75
2016-06-16,7459.0,74.59
2016-06-17,7461.0,74.61
2016-06-20,7465.000000000001,74.65
2016-06-21,7501.000000000001,75.01
2016-06-22,7502.0,75.02
2016-06-23,7476.000000000001,74.76
2016-06-24,7545.0,75.45
2016-06-27,7581.0,75.81
2016-06-28,7484.0,74.84
2016-06-29,7386.0,73.86
2016-06-30,7303.0,73.03
2016-07-01,7275.0,72.75
2016-07-04,7188.0,71.88
2016-07-11,6958.0,69.58
2016-07-12,6961.0,69.61
2016-07-13,6970.999999999999,69.71
2016-07-14,7023.999999999999,70.24
2016-07-15,7014.0,70.14
2016-07-18,6973.0,69.73
2016-07-19,6939.0,69.39
2016-07-20,6.860000000000001,0.06860000000000001
2016-07-21,6838.0,68.38
2016-07-22,6.88,0.0688
2016-07-25,6923.0,69.23
2016-07-26,6929.000000000001,69.29
2016-07-27,6876.000000000001,68.76
2016-07-28,6.819999999999999,0.0682
2016-07-29,6775.0,67.75
2016-08-01,6726.000000000001,67.26
2016-08-02,6678.0,66.78
2016-08-03,6684.0,66.84
2016-08-04,6714.0,67.14
2016-08-05,6688.0,66.88
2016-08-06,6688.0,66.88
2016-08-08,6684.999999999999,66.85
2016-08-09,6704.000000000001,67.04
2016-08-10,6645.999999999999,66.46
2016-08-11,6634.999999999999,66.35
2016-08-12,6634.999999999999,66.35
2016-08-13,6634.999999999999,66.35
2016-08-14,6634.999999999999,66.35
2016-08-15,6.65,0.0665
2016-08-16,6645.999999999999,66.46
2016-08-18,6614.0,66.14
2016-08-19,6616.0,66.16
2016-08-22,6702.0,67.02
2016-08-23,6784.999999999999,67.85
2016-08-24,6820.999999999999,68.21
2016-08-25,6783.0,67.83
2016-08-26,6781.999999999999,67.82
2016-08-29,6812.0,68.12
2016-08-30,6818.000000000001,68.18
2016-08-31,6802.0,68.02
2016-09-01,6766.0,67.66
2016-09-02,6703.0,67.03
2016-09-05,6675.0,66.75
2016-09-06,6656.0,66.56
2016-09-07,6647.0,66.47
2016-09-08,6647.0,66.47
2016-09-09,6670.999999999999,66.71
2016-09-13,6717.0,67.17
2016-09-14,6808.0,68.08
2016-09-15,6831.0,68.31
2016-09-16,6816.0,68.16
2016-09-17,6816.0,68.16
2016-09-19,6797.0,67.97
2016-09-20,6.800000000000001,0.068
2016-09-21,6795.999999999999,67.96
2016-09-22,6713.0,67.13
2016-09-23,6709.0,67.09
2016-09-24,6709.0,67.09
2016-09-25,6709.0,67.09
2016-09-26,6718.000000000001,67.18
2016-09-27,6729.000000000001,67.29
2016-09-28,6767.0,67.67
2016-09-29,6817.0,68.17
2016-09-30,6843.000000000001,68.43
2016-10-03,6833.0,68.33
2016-10-04,6816.0,68.16
2016-10-05,6841.0,68.41
2016-10-06,6858.0,68.58
2016-10-07,6923.999999999999,69.24
2016-10-10,6962.0,69.62
2016-10-11,6991.0,69.91
2016-10-12,6987.0,69.87
2016-10-13,6962.0,69.62
2016-10-14,6.959999999999999,0.0696
2016-10-15,6961.0,69.61
2016-10-17,6983.0,69.83
2016-10-18,7017.0,70.17
2016-10-19,7033.0,70.33
2016-10-20,7043.000000000001,70.43
2016-10-21,6942.0,69.42
2016-10-24,6869.0,68.69
2016-10-25,6852.0,68.52
2016-10-26,6853.0,68.53
2016-10-27,6873.999999999999,68.74
2016-10-28,6934.0,69.34
2016-10-31,6978.0,69.78
2016-11-01,6945.999999999999,69.46
2016-11-02,6931.0,69.31
2016-11-03,6943.000000000001,69.43
2016-11-04,7006.0,70.06
2016-11-07,7023.999999999999,70.24
2016-11-08,7001.000000000001,70.01
2016-11-09,7017.0,70.17
2016-11-10,7.04,0.0704
2016-11-11,7208.0,72.08
2016-11-14,7653.0,76.53
2016-11-15,7745.0,77.45
2016-11-16,7664.0,76.64
2016-11-17,7603.0,76.03
2016-11-18,7.68,0.0768
2016-11-21,7784.999999999999,77.85
2016-11-22,7915.000000000001,79.15
2016-11-23,7991.0,79.91
2016-11-24,8172.0,81.72
2016-11-25,8338.0,83.38
2016-11-28,8.25,0.0825
2016-11-29,8139.0,81.39
2016-11-30,8048.999999999999,80.49
2016-12-01,7977.0,79.77
2016-12-02,7920.999999999999,79.21
2016-12-05,7908.0,79.08
2016-12-06,7802.0,78.02
2016-12-07,7701.000000000001,77.01
2016-12-08,7272.0,72.72
2016-12-09,7355.0,73.55
2016-12-13,7505.0,75.05
2016-12-14,7.6,0.076
2016-12-15,7755.0,77.55
2016-12-16,7842.0,78.42
2016-12-19,7828.0,78.28
2016-12-20,7648.999999999999,76.49
2016-12-21,7595.999999999999,75.96
2016-12-22,7556.0,75.56
2016-12-23,7579.000000000001,75.79
2016-12-27,7591.0,75.91
2016-12-28,7579.000000000001,75.79
2016-12-29,7604.000000000001,76.04
2016-12-30,7587.0,75.87
2016-12-31,7587.0,75.87
2017-01-03,7631.0,76.31
2017-01-04,7638.0,76.38
2017-01-05,7479.000000000001,74.79
2017-01-06,7452.0,74.52
2017-01-09,7392.0,73.92
2017-01-10,7359.0,73.59
2017-01-11,7372.0,73.72
2017-01-12,7.31,0.0731
2017-01-13,7286.0,72.86
2017-01-16,7267.0,72.67
2017-01-17,7265.000000000001,72.65
2017-01-18,7217.0,72.17
2017-01-19,7245.0,72.45
2017-01-20,7.23,0.0723
2017-01-23,7216.0,72.16
2017-01-24,7148.999999999999,71.49
2017-01-25,7148.999999999999,71.49
2017-01-26,7212.0,72.12
2017-01-27,7227.0,72.27
2017-01-30,7259.0,72.59
2017-01-31,7.28,0.0728
2017-02-01,7286.0,72.86
2017-02-02,7305.0,73.05
2017-02-03,7323.0,73.23
2017-02-06,7256.999999999999,72.57
2017-02-07,7227.0,72.27
2017-02-08,7228.0,72.28
2017-02-09,7.200000000000001,0.07200000000000001
2017-02-10,7181.999999999999,71.82
2017-02-13,7176.000000000001,71.76
2017-02-14,7195.0,71.95
2017-02-15,7188.0,71.88
2017-02-16,7202.0,72.02
2017-02-17,7211.0,72.11
2017-02-20,7216.0,72.16
2017-02-21,7251.000000000001,72.51
2017-02-22,7293.000000000001,72.93
2017-02-23,7.28,0.0728
2017-02-24,7268.000000000001,72.68
2017-02-27,7272.0,72.72
2017-02-28,7302.0,73.02
2017-03-01,7275.0,72.75
2017-03-02,7.26,0.0726
2017-03-03,7245.0,72.45
2017-03-06,7247.0,72.47
2017-03-07,7234.999999999999,72.35
2017-03-08,7216.0,72.16
2017-03-09,7.22,0.0722
2017-03-10,7265.000000000001,72.65
2017-03-13,7256.999999999999,72.57
2017-03-14,7247.0,72.47
2017-03-15,7188.0,71.88
2017-03-16,7119.0,71.19
2017-03-17,7070.999999999999,70.71
2017-03-18,7070.999999999999,70.71
2017-03-20,7023.999999999999,70.24
2017-03-21,6959.0,69.59
2017-03-22,6943.000000000001,69.43
2017-03-23,6872.0,68.72
2017-03-24,6912.0,69.12
2017-03-26,6912.0,69.12
2017-03-27,6915.000000000001,69.15
2017-03-29,6905.0,69.05
2017-03-30,6862.0,68.62
2017-03-31,6819.0,68.19
2017-04-03,6798.0,67.98
2017-04-04,6772.0,67.72
2017-04-05,6765.000000000001,67.65
2017-04-06,6787.0,67.87
2017-04-07,6872.0,68.72
2017-04-10,6884.0,68.84
2017-04-11,6861.0,68.61
2017-04-12,6812.0,68.12
2017-04-13,6.74,0.0674
2017-04-17,6714.0,67.14
2017-04-18,6713.0,67.13
2017-04-19,6.7299999999999995,0.0673
2017-04-20,6.75,0.0675
2017-04-21,6748.0,67.48
2017-04-22,6748.0,67.48
2017-04-25,6741.0,67.41
2017-04-26,6703.0,67.03
2017-04-27,6673.0,66.73
2017-04-28,6669.0,66.69
2017-05-01,6679.000000000001,66.79
2017-05-02,6670.999999999999,66.71
2017-05-03,6673.0,66.73
2017-05-04,6672.0,66.72
2017-05-05,6703.0,67.03
2017-05-07,6703.0,67.03
2017-05-08,6731.999999999999,67.32
2017-05-09,6772.0,67.72
2017-05-10,6802.0,68.02
2017-05-12,6838.0,68.38
2017-05-15,6.76,0.0676
2017-05-16,6756.0,67.56
2017-05-17,6745.999999999999,67.46
2017-05-18,6773.0,67.73
2017-05-19,6802.0,68.02
2017-05-22,6725.0,67.25
2017-05-23,6698.999999999999,66.99
2017-05-24,6706.999999999999,67.07
2017-05-26,6698.999999999999,66.99
2017-05-29,6706.0,67.06
2017-05-30,6705.0,67.05
2017-05-31,6712.0,67.12
2017-06-02,6703.0,67.03
2017-06-05,6709.0,67.09
2017-06-06,6689.0,66.89
2017-06-07,6.7,0.067
2017-06-08,6695.999999999999,66.96
2017-06-09,6693.000000000001,66.93
2017-06-12,6670.999999999999,66.71
2017-06-13,6652.0,66.52
2017-06-14,6655.0,66.55
2017-06-15,6658.0,66.58
2017-06-16,6645.999999999999,66.46
2017-06-19,6639.0,66.39
2017-06-20,6670.999999999999,66.71
2017-06-21,6684.999999999999,66.85
2017-06-22,6666.0,66.66
2017-06-23,6666.0,66.66
2017-06-25,6666.0,66.66
2017-06-30,6936.0,69.36
2017-07-01,6936.0,69.36
2017-07-02,6936.0,69.36
2017-07-03,6748.0,67.48
2017-07-04,6.74,0.0674
2017-07-05,6728.0,67.28
2017-07-06,6797.0,67.97
2017-07-07,6948.0,69.48
2017-07-10,6987.0,69.87
2017-07-11,6984.0,69.84
2017-07-12,6873.999999999999,68.74
2017-07-13,6815.000000000001,68.15
2017-07-14,6804.000000000001,68.04
2017-07-15,6817.0,68.17
2017-07-16,6817.0,68.17
2017-07-17,6798.0,67.98
2017-07-18,6794.0,67.94
2017-07-19,6775.0,67.75
2017-07-20,6769.0,67.69
2017-07-21,6768.000000000001,67.68
2017-07-24,6.75,0.0675
2017-07-25,6761.0,67.61
2017-07-26,6773.999999999999,67.74
2017-07-27,6767.0,67.67
2017-07-28,6761.0,67.61
2017-07-31,6751.000000000001,67.51
2017-08-01,6731.999999999999,67.32
2017-08-02,6739.0,67.39
2017-08-03,6723.0,67.23
2017-08-04,6698.0,66.98
2017-08-06,6698.0,66.98
2017-08-07,6689.0,66.89
2017-08-08,6673.0,66.73
2017-08-09,6623.999999999999,66.24
2017-08-10,6642.0,66.42
2017-08-11,6.64,0.0664
2017-08-14,6639.0,66.39
2017-08-15,6633.0,66.33
2017-08-16,6633.0,66.33
2017-08-18,6617.0,66.17
2017-08-21,6542.0,65.42
2017-08-22,6539.0,65.39
2017-08-23,6523.0,65.23
2017-08-24,6472.0,64.72
2017-08-25,6387.0,63.87
2017-08-28,6357.0,63.57
2017-08-29,6369.0,63.69
2017-08-30,6298.0,62.98
2017-08-31,6256.0,62.56
2017-09-04,6251.0,62.51
2017-09-05,6247.0,62.47
2017-09-06,6169.0,61.69
2017-09-07,6.14,0.061399999999999996
2017-09-08,6053.0,60.53
2017-09-11,5992.0,59.92
2017-09-12,6.03,0.0603
2017-09-13,6043.0,60.43
2017-09-14,6.11,0.0611
2017-09-15,6116.0,61.16
2017-09-18,6033.0,60.33
2017-09-19,6032.0,60.32
2017-09-20,6028.0,60.28
2017-09-22,6017.0,60.17
2017-09-25,5873.0,58.73
2017-09-26,5941.0,59.41
2017-09-27,6009.0,60.09
2017-09-28,6209.0,62.09
2017-09-29,6122.0,61.22
2017-10-02,6108.0,61.08
2017-10-03,6183.0,61.83
2017-10-04,6148.0,61.48
2017-10-05,6148.0,61.48
2017-10-06,6165.0,61.65
2017-10-09,6217.0,62.17
2017-10-10,6.24,0.062400000000000004
2017-10-11,6256.0,62.56
2017-10-12,6.25,0.0625
2017-10-13,6219.0,62.19
2017-10-16,6.2,0.062
2017-10-17,6216.0,62.16
2017-10-18,6244.0,62.44
2017-10-19,6241.0,62.41
2017-10-20,6252.0,62.52
2017-10-22,6252.0,62.52
2017-10-23,6303.0,63.03
2017-10-24,6349.0,63.49
2017-10-25,6391.0,63.91
2017-10-26,6441.0,64.41
2017-10-27,6442.0,64.42
2017-10-29,6442.0,64.42
2017-10-30,6483.0,64.83
2017-10-31,6419.0,64.19
2017-11-01,6415.000000000001,64.15
2017-11-02,6371.0,63.71
2017-11-03,6287.0,62.87
2017-11-06,6332.0,63.32
2017-11-07,6.309999999999999,0.06309999999999999
2017-11-08,6312.0,63.12
2017-11-09,6298.0,62.98
2017-11-10,6304.0,63.04
2017-11-13,6333.0,63.33
2017-11-14,6351.0,63.51
2017-11-15,6278.0,62.78
2017-11-16,6285.0,62.85
2017-11-17,6264.0,62.64
2017-11-20,6226.0,62.26
2017-11-21,6211.0,62.11
2017-11-22,6203.0,62.03
2017-11-23,6164.0,61.64
2017-11-24,6117.0,61.17
2017-11-25,6117.0,61.17
2017-11-27,6134.0,61.34
2017-11-28,6139.0,61.39
2017-11-29,6066.0,60.66
2017-11-30,6.05,0.0605
2017-12-04,6065.0,60.65
2017-12-05,6037.0,60.37
2017-12-06,6033.0,60.33
2017-12-07,6053.0,60.53
2017-12-08,6065.0,60.65
2017-12-11,6073.0,60.73
2017-12-12,6041.0,60.41
2017-12-13,6048.0,60.48
2017-12-14,6039.0,60.39
2017-12-15,6024.0,60.24
2017-12-16,6024.0,60.24
2017-12-18,6029.0,60.29
2017-12-19,6.04,0.0604
2017-12-20,6037.0,60.37
2017-12-21,5.99,0.0599
2017-12-22,5966.0,59.66
2017-12-27,5988.0,59.88
2017-12-28,5971.0,59.71
2017-12-29,5.94,0.0594
2017-12-30,5.94,0.0594
2018-01-02,5928.0,59.28
2018-01-03,5934.0,59.34
2018-01-04,5.67,0.0567
2018-01-05,5565.0,55.65
2018-01-08,5529.0,55.29
2018-01-09,5568.0,55.68
2018-01-10,5703.0,57.03
2018-01-11,5662.0,56.62
2018-01-12,5594.0,55.94
2018-01-15,5582.0,55.82
2018-01-16,5583.0,55.83
2018-01-17,5589.0,55.89
2018-01-18,5595.0,55.95
2018-01-19,5564.0,55.64
2018-01-22,5609.0,56.09
2018-01-23,5661.0,56.61
2018-01-24,5675.0,56.75
2018-01-25,5.67,0.0567
2018-01-26,5686.0,56.86
2018-01-29,5727.0,57.27
2018-01-30,5849.0,58.49
2018-01-31,5779.0,57.79
2018-02-01,5755.0,57.55
2018-02-02,5779.0,57.79
2018-02-05,5817.0,58.17
2018-02-06,5848.0,58.48
2018-02-07,5.82,0.0582
2018-02-08,5802.0,58.02
2018-02-09,5798.0,57.98
2018-02-12,5795.0,57.95
2018-02-13,5787.0,57.87
2018-02-14,5795.0,57.95
2018-02-15,5751.0,57.51
2018-02-18,5751.0,57.51
2018-02-19,5778.0,57.78
2018-02-20,5794.0,57.94
2018-02-21,5.79,0.0579
2018-02-22,5848.0,58.48
2018-02-23,5903.0,59.03
2018-02-26,5877.0,58.77
2018-02-27,5906.0,59.06
2018-02-28,6004.0,60.04
2018-03-01,6054.0,60.54
2018-03-02,6033.0,60.33
2018-03-05,5.99,0.0599
2018-03-06,6069.0,60.69
2018-03-07,6.19,0.061900000000000004
2018-03-08,6264.0,62.64
2018-03-09,6297.0,62.97
2018-03-12,6303.0,63.03
2018-03-13,6203.0,62.03
2018-03-14,6173.0,61.73
2018-03-15,6139.0,61.39
2018-03-16,6161.0,61.61
2018-03-19,6083.0,60.83
2018-03-20,6.0,0.06
2018-03-21,5988.0,59.88
2018-03-22,5988.0,59.88
2018-03-23,6027.0,60.27
2018-03-26,6051.0,60.51
2018-03-27,5999.0,59.99
2018-03-28,5937.0,59.37
2018-03-29,5933.0,59.33
2018-04-02,5928.0,59.28
2018-04-03,5937.0,59.37
2018-04-04,5953.0,59.53
2018-04-05,5935.0,59.35
2018-04-06,5973.0,59.73
2018-04-09,5972.0,59.72
2018-04-10,5982.0,59.82
2018-04-11,5977.0,59.77
2018-04-12,5985.0,59.85
2018-04-13,5993.0,59.93
2018-04-16,6023.0,60.23
2018-04-17,6053.0,60.53
2018-04-18,6064.0,60.64
2018-04-19,6057.0,60.57
2018-04-20,6138.0,61.38
2018-04-23,6297.0,62.97
2018-04-24,6319.0,63.19
2018-04-25,6466.0,64.66
2018-04-26,6.69,0.0669
2018-04-27,6636.0,66.36
2018-04-30,6456.999999999999,64.57
2018-05-02,6523.0,65.23
2018-05-03,6572.0,65.72
2018-05-04,6601.000000000001,66.01
2018-05-07,6620.999999999999,66.21
2018-05-08,6776.000000000001,67.76
2018-05-09,6.97,0.0697
2018-05-10,6.97,0.0697
2018-05-11,6945.0,69.45
2018-05-14,6941.0,69.41
2018-05-15,6820.999999999999,68.21
2018-05-16,6823.999999999999,68.24
2018-05-17,6889.0,68.89
2018-05-18,6954.000000000001,69.54
2018-05-20,6954.000000000001,69.54
2018-05-21,7.02,0.0702
2018-05-22,7045.999999999999,70.46
2018-05-23,7081.999999999999,70.82
2018-05-24,7.15,0.07150000000000001
2018-05-25,7075.0,70.75
2018-05-28,6895.0,68.95
2018-05-30,6823.0,68.23
2018-05-31,6833.0,68.33
2018-06-04,6831.0,68.31
2018-06-05,6863.0,68.63
2018-06-06,6861.0,68.61
2018-06-07,6873.999999999999,68.74
2018-06-08,6986.0,69.86
2018-06-20,7.07,0.0707
2018-06-21,7115.000000000001,71.15
2018-06-22,7.200000000000001,0.07200000000000001
2018-06-25,7.3,0.073
2018-06-26,7377.0,73.77
2018-06-27,7437.0,74.37
2018-06-28,7602.0,76.02
2018-06-29,7604.000000000001,76.04
2018-07-02,7559.0,75.59
2018-07-03,7609.0,76.09
2018-07-04,7704.000000000001,77.04
2018-07-05,7622.0,76.22
2018-07-06,7517.0,75.17
2018-07-09,7415.000000000001,74.15
2018-07-10,7379.000000000001,73.79
2018-07-11,7434.0,74.34
2018-07-12,7514.0,75.14
2018-07-13,7442.0,74.42
2018-07-16,7475.0,74.75
2018-07-17,7527.0,75.27
2018-07-18,7593.000000000001,75.93
2018-07-19,7675.0,76.75
2018-07-20,7783.0,77.83
2018-07-23,7756.0,77.56
2018-07-24,7743.000000000001,77.43
2018-07-25,7687.0,76.87
2018-07-26,7656.0,76.56
2018-07-27,7642.0,76.42
2018-07-30,7648.0,76.48
2018-07-31,7656.999999999999,76.57
2018-08-01,7675.0,76.75
2018-08-02,7629.000000000001,76.29
2018-08-03,7726.000000000001,77.26
2018-08-06,7706.999999999999,77.07
2018-08-07,7684.999999999999,76.85
2018-08-08,7673.999999999999,76.74
2018-08-09,7518.000000000001,75.18
2018-08-10,7534.999999999999,75.35
2018-08-13,7733.0,77.33
2018-08-14,7805.0,78.05
2018-08-15,7803.0,78.03
2018-08-16,7848.0,78.48
2018-08-20,7802.0,78.02
2018-08-21,7736.0,77.36
2018-08-23,7.75,0.0775
2018-08-24,7797.0,77.97
2018-08-27,7795.0,77.95
2018-08-28,7805.0,78.05
2018-08-29,7733.0,77.33
2018-08-30,7765.000000000001,77.65
2018-08-31,7942.0,79.42
2018-09-03,8056.0,80.56
2018-09-04,8191.0,81.91
2018-09-05,8366.0,83.66
2018-09-06,8524.0,85.24
2018-09-07,8455.0,84.55
2018-09-10,8413.0,84.13
2018-09-11,8451.0,84.51
2018-09-12,8454.0,84.54
2018-09-13,8446.0,84.46
2018-09-14,8391.0,83.91
2018-09-17,8303.0,83.03
2018-09-18,8331.0,83.31
2018-09-19,8173.999999999999,81.74
2018-09-20,8154.000000000001,81.54
2018-09-21,8158.0,81.58
2018-09-24,8145.0,81.45
2018-09-25,8229.0,82.29
2018-09-26,8225.0,82.25
2018-09-27,8197.0,81.97
2018-09-28,8158.0,81.58
2018-10-01,7904.000000000001,79.04
2018-10-02,7948.0,79.48
2018-10-03,8048.999999999999,80.49
2018-10-04,8191.0,81.91
2018-10-05,8253.0,82.53
2018-10-08,8275.0,82.75
2018-10-09,8317.0,83.17
2018-10-10,8314.0,83.14
2018-10-11,8333.0,83.33
2018-10-12,8438.0,84.38
2018-10-15,8507.0,85.07
2018-10-16,8577.0,85.77
2018-10-17,8489.0,84.89
2018-10-18,8436.0,84.36
2018-10-19,8514.0,85.14
2018-10-22,8508.0,85.08
2018-10-23,8492.0,84.92
2018-10-24,8432.0,84.32
2018-10-25,8456.0,84.56
2018-10-26,8447.0,84.47
2018-10-29,8457.0,84.57
2018-10-30,8459.0,84.59
2018-10-31,8408.0,84.08
2018-11-01,8312.0,83.12
2018-11-02,8222.0,82.22
2018-11-05,8156.0,81.56
2018-11-06,8119.0,81.19
2018-11-07,7.960000000000001,0.0796
2018-11-08,7937.0,79.37
2018-11-09,7945.999999999999,79.46
2018-11-12,8073.0,80.73
2018-11-13,8104.000000000001,81.04
2018-11-14,8047.0,80.47
2018-11-15,8051.000000000001,80.51
2018-11-16,8003.0,80.03
2018-11-19,7988.0,79.88
2018-11-21,7998.0,79.98
2018-11-22,7991.0,79.91
2018-11-23,7961.0,79.61
2018-11-26,7942.0,79.42
2018-11-27,7851.000000000001,78.51
2018-11-28,7895.0,78.95
2018-11-29,7876.000000000001,78.76
2018-11-30,7847.0,78.47
2018-12-03,7834.0,78.34
2018-12-04,7805.0,78.05
2018-12-05,7856.999999999999,78.57
2018-12-06,7969.0,79.69
2018-12-07,7972.0,79.72
2018-12-10,8044.0,80.44
2018-12-11,8169.0,81.69
2018-12-12,8134.0,81.34
2018-12-13,8117.0,81.17
2018-12-14,8033.0,80.33
2018-12-17,8091.0,80.91
2018-12-18,8084.999999999999,80.85
2018-12-19,7978.0,79.78
2018-12-20,7973.999999999999,79.74
2018-12-21,7905.0,79.05
2018-12-26,7765.000000000001,77.65
2018-12-27,7843.000000000001,78.43
2018-12-28,7.870000000000001,0.0787
2018-12-31,7845.0,78.45
2019-01-02,7.870000000000001,0.0787
2019-01-03,7898.999999999999,78.99
2019-01-04,8020.999999999999,80.21
2019-01-07,7797.0,77.97
2019-01-08,7868.000000000001,78.68
2019-01-09,7861.0,78.61
2019-01-10,7856.0,78.56
2019-01-11,7883.0,78.83
2019-01-14,7897.0,78.97
2019-01-15,7.969999999999999,0.0797
2019-01-16,7981.0,79.81
2019-01-17,7991.0,79.91
2019-01-18,7984.999999999999,79.85
2019-01-21,7994.0,79.94
2019-01-22,8002.0,80.02
2019-01-23,7.99,0.0799
2019-01-24,7981.999999999999,79.82
2019-01-25,7995.999999999999,79.96
2019-01-28,7997.0,79.97
2019-01-29,7997.0,79.97
2019-01-30,7994.0,79.94
2019-01-31,7870.999999999999,78.71
2019-02-01,7797.0,77.97
2019-02-04,7728.0,77.28
2019-02-06,7684.999999999999,76.85
2019-02-07,7701.000000000001,77.01
2019-02-08,7737.0,77.37
2019-02-11,7.77,0.07769999999999999
2019-02-12,7781.0,77.81
2019-02-13,7741.0,77.41
2019-02-14,7788.0,77.88
2019-02-15,7823.999999999999,78.24
2019-02-18,7820.999999999999,78.21
2019-02-19,7798.0,77.98
2019-02-20,7756.0,77.56
2019-02-21,7756.999999999999,77.57
2019-02-22,7.76,0.0776
2019-02-25,7711.0,77.11
2019-02-26,7666.0,76.66
2019-02-27,7531.0,75.31
2019-02-28,7536.0,75.36
2019-03-01,7495.0,74.95
2019-03-04,7488.0,74.88
2019-03-05,7473.999999999999,74.74
2019-03-06,7495.999999999999,74.96
2019-03-08,7556.999999999999,75.57
2019-03-11,7543.000000000001,75.43
2019-03-12,7494.0,74.94
2019-03-13,7452.0,74.52
2019-03-14,7434.0,74.34
2019-03-15,7394.0,73.94
2019-03-18,7323.999999999999,73.24
2019-03-19,7312.0,73.12
2019-03-20,7272.0,72.72
2019-03-21,7164.0,71.64
2019-03-22,7123.999999999999,71.24
2019-03-25,7166.0,71.66
2019-03-26,7106.999999999999,71.07
2019-03-27,7073.999999999999,70.74
2019-03-28,7142.0,71.42
2019-03-29,7161.0,71.61
2019-04-01,7113.0,71.13
2019-04-02,7129.000000000001,71.29
2019-04-04,7109.0,71.09
2019-04-05,7086.0,70.86
2019-04-08,7123.999999999999,71.24
2019-04-09,7159.0,71.59
2019-04-10,7168.000000000001,71.68
2019-04-11,7145.999999999999,71.46
2019-04-12,7165.000000000001,71.65
2019-04-15,7145.0,71.45
2019-04-16,7128.0,71.28
2019-04-18,7101.000000000001,71.01
2019-04-22,7118.000000000001,71.18
2019-04-23,7126.000000000001,71.26
2019-04-24,7165.000000000001,71.65
2019-04-25,7181.999999999999,71.82
2019-04-26,7212.0,72.12
2019-04-29,7231.0,72.31
2019-04-30,7287.0,72.87
2019-05-02,7351.000000000001,73.51
2019-05-03,7442.0,74.42
2019-05-06,7472.0,74.72
2019-05-07,7504.000000000001,75.04
2019-05-08,7529.000000000001,75.29
2019-05-09,7.5600000000000005,0.0756
2019-05-10,7.51,0.0751
2019-05-13,7516.0,75.16
2019-05-14,7548.0,75.48
2019-05-15,7516.0,75.16
2019-05-16,7529.000000000001,75.29
2019-05-17,7526.000000000001,75.26
2019-05-20,7567.0,75.67
2019-05-21,7581.0,75.81
2019-05-22,7593.000000000001,75.93
2019-05-23,7597.0,75.97
2019-05-24,7489.0,74.89
2019-05-27,7470.999999999999,74.71
2019-05-28,7523.0,75.23
2019-05-29,7565.000000000001,75.65
2019-05-31,7562.0,75.62
2019-06-10,7366.0,73.66
2019-06-11,7308.0,73.08
2019-06-12,7295.999999999999,72.96
2019-06-13,7.249999999999999,0.0725
2019-06-14,7226.000000000001,72.26
2019-06-17,7173.999999999999,71.74
2019-06-18,7139.0,71.39
2019-06-19,7036.0,70.36
2019-06-20,6877.0,68.77
2019-06-21,6887.0,68.87
2019-06-24,6922.0,69.22
2019-06-25,6870.999999999999,68.71
2019-06-26,6901.000000000001,69.01
2019-06-27,6913.0,69.13
2019-06-28,6872.0,68.72
2019-07-01,6856.0,68.56
2019-07-02,6867.0,68.67
2019-07-03,6794.0,67.94
2019-07-04,6813.0,68.13
2019-07-05,6773.0,67.73
2019-07-08,6787.0,67.87
2019-07-09,6751.000000000001,67.51
2019-07-10,6781.999999999999,67.82
2019-07-11,6645.0,66.45
2019-07-12,6578.0,65.78
2019-07-15,6523.0,65.23
2019-07-16,6498.999999999999,64.99
2019-07-17,6508.0,65.08
2019-07-18,6518.000000000001,65.18
2019-07-19,6520.999999999999,65.21
2019-07-22,6555.0,65.55
2019-07-23,6.67,0.0667
2019-07-24,6694.0,66.94
2019-07-25,6619.0,66.19
2019-07-26,6639.0,66.39
2019-07-29,6694.0,66.94
2019-07-30,6764.0,67.64
2019-07-31,6815.000000000001,68.15
2019-08-01,6923.999999999999,69.24
2019-08-02,6975.0,69.75
2019-08-05,7.06,0.0706
2019-08-06,7122.0,71.22
2019-08-07,7047.0,70.47
2019-08-08,6914.0,69.14
2019-08-09,6793.000000000001,67.93
2019-08-12,6858.0,68.58
2019-08-13,6914.0,69.14
2019-08-14,6865.000000000001,68.65
2019-08-15,6842.0,68.42
2019-08-16,6814.0,68.14
2019-08-19,6737.0,67.37
2019-08-20,6763.0,67.63
2019-08-21,6734.0,67.34
2019-08-22,6677.0,66.77
2019-08-23,6658.0,66.58
2019-08-26,6742.0,67.42
2019-08-27,6739.0,67.39
2019-08-28,6781.999999999999,67.82
2019-08-29,6789.0,67.89
2019-08-30,6781.0,67.81
2019-09-02,6768.000000000001,67.68
2019-09-03,6777.0,67.77
2019-09-04,6794.0,67.94
2019-09-05,6729.000000000001,67.29
2019-09-06,6726.000000000001,67.26
2019-09-09,6714.0,67.14
2019-09-10,6673.0,66.73
2019-09-11,6689.0,66.89
2019-09-12,6694.0,66.94
2019-09-13,6605.0,66.05
2019-09-16,6.67,0.0667
2019-09-17,6678.0,66.78
2019-09-18,6614.0,66.14
2019-09-19,6616.0,66.16
2019-09-20,6622.0,66.22
2019-09-23,6615.000000000001,66.15
2019-09-24,6695.999999999999,66.96
2019-09-25,6737.0,67.37
2019-09-26,6736.0,67.36
2019-09-27,6747.0,67.47
2019-09-30,6715.000000000001,67.15
2019-10-01,6702.0,67.02
2019-10-02,6.69,0.0669
2019-10-03,6677.0,66.77
2019-10-04,6653.0,66.53
2019-10-07,6.65,0.0665
2019-10-08,6645.999999999999,66.46
2019-10-09,6695.0,66.95
2019-10-10,6684.0,66.84
2019-10-11,6684.0,66.84
2019-10-14,6.65,0.0665
2019-10-15,6629.000000000001,66.29
2019-10-16,6637.0,66.37
2019-10-17,6631.0,66.31
2019-10-18,6639.0,66.39
2019-10-19,6719.0,67.19
2019-10-21,6634.999999999999,66.35
2019-10-22,6.58,0.0658
2019-10-23,6559.0,65.59
2019-10-24,6531.0,65.31
2019-10-25,6.54,0.0654
2019-10-28,6512.0,65.12
2019-10-29,6467.0,64.67
2019-10-30,6465.000000000001,64.65
2019-10-31,6433.0,64.33
2019-11-01,6464.0,64.64
2019-11-04,6444.0,64.44
2019-11-05,6.43,0.0643
2019-11-06,6422.0,64.22
2019-11-07,6447.0,64.47
2019-11-08,6437.0,64.37
2019-11-11,6434.999999999999,64.35
2019-11-12,6489.0,64.89
2019-11-13,6509.0,65.09
2019-11-14,6522.0,65.22
2019-11-15,6506.0,65.06
2019-11-18,6509.0,65.09
2019-11-19,6493.000000000001,64.93
2019-11-20,6493.000000000001,64.93
2019-11-21,6534.999999999999,65.35
2019-11-22,6.52,0.0652
2019-11-25,6511.0,65.11
2019-11-26,6.509999999999999,0.06509999999999999
2019-11-27,6505.0,65.05
2019-11-28,6506.0,65.06
2019-11-29,6516.0,65.16
2019-12-02,6.619999999999999,0.0662
2019-12-03,6584.0,65.84
2019-12-04,6598.999999999999,65.99
2019-12-05,6559.0,65.59
2019-12-06,6561.0,65.61
2019-12-09,6541.0,65.41
2019-12-10,6.529999999999999,0.0653
2019-12-11,6531.999999999999,65.32
2019-12-12,6570.999999999999,65.71
2019-12-13,6609.0,66.09
2019-12-16,6.619999999999999,0.0662
2019-12-17,6648.999999999999,66.49
2019-12-18,6.63,0.0663
2019-12-19,6581.0,65.81
2019-12-20,6519.0,65.19
2019-12-23,6.45,0.0645
2019-12-24,6504.000000000001,65.04
2019-12-26,6425.0,64.25
2019-12-27,6402.0,64.02
2019-12-30,6414.0,64.14
2019-12-31,6405.0,64.05
2020-01-02,6433.0,64.33
2020-01-03,6386.0,63.86
2020-01-06,6441.0,64.41
2020-01-07,6418.000000000001,64.18
2020-01-08,6396.0,63.96
2020-01-09,6.329999999999999,0.0633
2020-01-10,6259.0,62.59
2020-01-13,6208.0,62.08
2020-01-14,6197.0,61.97
2020-01-15,6241.0,62.41
2020-01-16,6195.0,61.95
2020-01-17,6149.0,61.49
2020-01-20,6147.0,61.47
2020-01-21,6106.0,61.06
2020-01-22,6083.0,60.83
2020-01-23,6009.0,60.09
2020-01-24,5996.0,59.96
2020-01-27,6122.0,61.22
2020-01-28,6126.0,61.26
2020-01-29,6034.0,60.34
2020-01-30,6009.0,60.09
2020-01-31,6007.0,60.07
2020-02-03,6069.0,60.69
2020-02-04,6034.0,60.34
2020-02-05,6001.0,60.01
2020-02-06,5.97,0.059699999999999996
2020-02-07,5964.0,59.64
2020-02-10,5955.0,59.55
2020-02-11,5945.0,59.45
2020-02-12,5857.0,58.57
2020-02-13,5798.0,57.98
2020-02-14,5815.0,58.15
2020-02-17,5801.0,58.01
2020-02-18,5744.0,57.44
2020-02-19,5681.0,56.81
2020-02-20,5.68,0.056799999999999996
2020-02-21,5715.0,57.15
2020-02-24,5704.0,57.04
2020-02-25,5676.0,56.76
2020-02-26,5687.0,56.87
2020-02-27,5844.0,58.44
2020-02-28,6064.0,60.64
2020-03-02,6168.0,61.68
2020-03-03,6042.0,60.42
2020-03-04,5774.0,57.74
2020-03-05,5697.0,56.97
2020-03-06,5886.0,58.86
2020-03-09,6215.0,62.15
2020-03-10,6126.0,61.26
2020-03-11,6106.0,61.06
2020-03-12,6308.0,63.08
2020-03-13,6388.0,63.88
2020-03-16,6.7299999999999995,0.0673
2020-03-17,6738.0,67.38
2020-03-18,6727.0,67.27
2020-03-19,7120.999999999999,71.21
2020-03-20,7270.999999999999,72.71
2020-03-23,7434.999999999999,74.35
2020-03-24,7541.0,75.41
2020-03-26,7377.0,73.77
2020-03-27,7212.0,72.12
2020-03-30,7198.0,71.98
2020-03-31,7273.0,72.73
2020-04-01,7378.0,73.78
2020-04-02,7.44,0.07440000000000001
2020-04-03,7484.0,74.84
2020-04-06,7602.0,76.02
2020-04-07,7606.0,76.06
2020-04-08,7605.0,76.05
2020-04-09,7641.0,76.41
2020-04-13,7565.000000000001,75.65
2020-04-14,7586.0,75.86
2020-04-15,7429.000000000001,74.29
2020-04-16,7423.999999999999,74.24
2020-04-17,7.39,0.0739
2020-04-20,7238.0,72.38
2020-04-21,7114.0,71.14
2020-04-22,7222.0,72.22
2020-04-23,7251.000000000001,72.51
2020-04-24,7272.0,72.72
2020-04-27,7418.000000000001,74.18
2020-04-28,7.61,0.0761
2020-04-29,7592.0,75.92
2020-04-30,7294.0,72.94
2020-05-04,7461.0,74.61
2020-05-05,7523.999999999999,75.24
2020-05-06,7577.0,75.77
2020-05-08,7553.0,75.53
2020-05-11,7528.0,75.28
2020-05-12,7411.0,74.11
2020-05-13,7.290000000000001,0.0729
2020-05-14,7214.0,72.14
2020-05-15,7172.0,71.72
2020-05-18,7148.999999999999,71.49
2020-05-19,7153.0,71.53
2020-05-20,7131.0,71.31
2020-05-23,7194.0,71.94
2020-05-26,6873.999999999999,68.74
2020-05-27,6834.0,68.34
2020-05-28,6869.0,68.69
2020-05-29,6848.0,68.48
2020-06-02,6753.0,67.53
2020-06-03,6503.0,65.03
2020-06-04,6654.000000000001,66.54
2020-06-05,6.69,0.0669
2020-06-08,6734.0,67.34
2020-06-09,6.81,0.0681
2020-06-10,6793.000000000001,67.93
2020-06-11,6753.0,67.53
2020-06-12,6847.0,68.47
2020-06-15,6.860000000000001,0.06860000000000001
2020-06-16,6805.0,68.05
2020-06-17,6756.999999999999,67.57
2020-06-18,6736.0,67.36
2020-06-19,6697.0,66.97
2020-06-22,6712.0,67.12
2020-06-23,6661.0,66.61
2020-06-24,6643.000000000001,66.43
2020-06-25,6622.0,66.22
2020-06-26,6586.0,65.86
2020-06-29,6568.000000000001,65.68
2020-06-30,6572.0,65.72
2020-07-01,6565.000000000001,65.65
2020-07-02,6573.999999999999,65.74
2020-07-03,6575.0,65.75
2020-07-06,6559.0,65.59
2020-07-07,6.5,0.065
2020-07-08,6438.0,64.38
2020-07-09,6453.0,64.53
2020-07-10,6423.0,64.23
2020-07-13,6408.0,64.08
2020-07-14,6326.0,63.26
2020-07-15,6328.0,63.28
2020-07-16,6288.0,62.88
2020-07-17,6286.0,62.86
2020-07-20,6296.0,62.96
2020-07-21,6294.0,62.94
2020-07-22,6215.0,62.15
2020-07-23,6108.0,61.08
2020-07-24,6051.0,60.51
2020-07-27,6.04,0.0604
2020-07-28,6012.0,60.12
2020-07-29,5969.0,59.69
2020-07-30,5964.0,59.64
2020-08-03,5985.0,59.85
2020-08-04,5973.0,59.73
2020-08-05,5959.0,59.59
2020-08-06,5897.0,58.97
2020-08-07,5876.0,58.76
2020-08-10,5881.0,58.81
2020-08-11,5871.0,58.71
2020-08-12,5846.0,58.46
2020-08-13,5844.0,58.44
2020-08-14,5812.0,58.12
2020-08-18,5786.0,57.86
2020-08-19,5735.0,57.35
2020-08-24,5667.0,56.67
2020-08-25,5628.0,56.28
2020-08-26,5545.0,55.45
2020-08-27,5.56,0.0556
2020-08-28,5567.0,55.67
2020-08-31,5.56,0.0556
2020-09-01,5539.0,55.39
2020-09-02,5552.0,55.52
2020-09-03,5571.0,55.71
2020-09-04,5562.0,55.62
2020-09-07,5523.0,55.23
2020-09-08,5503.0,55.03
2020-09-09,5.55,0.0555
2020-09-10,5569.0,55.69
2020-09-11,5601.0,56.01
2020-09-14,5567.0,55.67
2020-09-15,5547.0,55.47
2020-09-16,5564.0,55.64
2020-09-17,5582.0,55.82
2020-09-18,5592.0,55.92
2020-09-21,5558.0,55.58
2020-09-22,5583.0,55.83
2020-09-23,5626.0,56.26
2020-09-24,5647.0,56.47
2020-09-25,5679.0,56.79
2020-09-28,5684.0,56.84
2020-09-29,5744.0,57.44
2020-09-30,5753.0,57.53
2020-10-01,5745.0,57.45
2020-10-02,5783.0,57.83
2020-10-05,5799.0,57.99
2020-10-06,5.78,0.057800000000000004
2020-10-07,5776.0,57.76
2020-10-08,5799.0,57.99
2020-10-09,5778.0,57.78
2020-10-12,5769.0,57.69
2020-10-13,5754.0,57.54
2020-10-14,5722.0,57.22
2020-10-15,5704.0,57.04
2020-10-16,5653.0,56.53
2020-10-19,5.6,0.055999999999999994
2020-10-20,5.57,0.0557
2020-10-21,5.52,0.0552
2020-10-22,5528.0,55.28
2020-10-23,5514.0,55.14
2020-10-26,5517.0,55.17
2020-10-27,5493.0,54.93
2020-10-28,5.67,0.0567
2020-11-02,5515.0,55.15
2020-11-03,5528.0,55.28
2020-11-04,5573.0,55.73
2020-11-05,5564.0,55.64
2020-11-06,5495.0,54.95
2020-11-09,5377.0,53.77
2020-11-10,5315.0,53.15
2020-11-11,5405.0,54.05
2020-11-12,5.39,0.053899999999999997
2020-11-13,5389.0,53.89
2020-11-16,5354.0,53.54
2020-11-17,5293.0,52.93
2020-11-18,5192.0,51.92
2020-11-19,5233.0,52.33
2020-11-20,5175.0,51.75
2020-11-23,5245.0,52.45
2020-11-24,5223.0,52.23
2020-11-25,5225.0,52.25
2020-11-26,5214.0,52.14
2020-11-27,5171.0,51.71
2020-11-30,5174.0,51.74
2020-12-01,5169.0,51.69
2020-12-02,5132.0,51.32
2020-12-03,5098.0,50.98
2020-12-04,5066.0,50.66
2020-12-07,5126.0,51.26
2020-12-08,5076.0,50.76
2020-12-10,5077.0,50.77
2020-12-11,5141.0,51.41
2020-12-14,5149.0,51.49
2020-12-15,5133.0,51.33
2020-12-16,5147.0,51.47
2020-12-17,5176.0,51.76
2020-12-18,5203.0,52.03
2020-12-21,5257.0,52.57
2020-12-22,5348.0,53.48
2020-12-23,5326.0,53.26
2020-12-28,5254.0,52.54
2020-12-29,5217.0,52.17
2020-12-30,5248.0,52.48
2021-01-04,5232.0,52.32
2021-01-05,5234.0,52.34
2021-01-06,5308.0,53.08
2021-01-07,5206.0,52.06
2021-01-08,5212.0,52.12
2021-01-11,5276.0,52.76
2021-01-12,5263.0,52.63
2021-01-13,5239.0,52.39
2021-01-14,5251.0,52.51
2021-01-15,5248.0,52.48
2021-01-18,5239.0,52.39
2021-01-19,5.3,0.053
2021-01-20,5312.0,53.12
2021-01-21,5281.0,52.81
2021-01-22,5298.0,52.98
2021-01-25,5253.0,52.53
2021-01-26,5306.0,53.06
2021-01-27,5316.0,53.16
2021-01-28,5219.0,52.19
2021-01-29,5195.0,51.95
2021-02-01,5209.0,52.09
2021-02-02,5201.0,52.01
2021-02-03,5217.0,52.17
2021-02-04,5264.0,52.64
2021-02-05,5203.0,52.03
2021-02-08,5275.0,52.75
2021-02-09,5244.0,52.44
2021-02-10,5257.0,52.57
2021-02-11,5313.0,53.13
2021-02-15,5309.0,53.09
2021-02-16,5313.0,53.13
2021-02-17,5466.0,54.66
2021-02-18,5573.0,55.73
2021-02-19,5573.0,55.73
2021-02-22,5724.0,57.24
2021-02-23,5779.0,57.79
2021-02-24,5652.0,56.52
2021-02-25,5634.0,56.34
2021-02-26,5707.0,57.07
2021-03-01,5688.0,56.88
2021-03-02,5.68,0.056799999999999996
2021-03-03,5.67,0.0567
2021-03-04,5708.0,57.08
2021-03-05,5714.0,57.14
2021-03-08,5941.0,59.41
2021-03-09,6035.0,60.35
2021-03-10,5895.0,58.95
2021-03-12,5872.0,58.72
2021-03-15,5.88,0.0588
2021-03-16,5879.0,58.79
2021-03-17,5908.0,59.08
2021-03-18,5916.0,59.16
2021-03-19,5.96,0.0596
2021-03-22,5956.0,59.56
2021-03-23,5886.0,58.86
2021-03-24,5873.0,58.73
2021-03-25,5842.0,58.42
2021-03-26,5857.0,58.57
2021-03-29,5914.0,59.14
2021-03-30,5912.0,59.12
2021-03-31,5971.0,59.71
2021-04-01,5894.0,58.94
2021-04-05,5827.0,58.27
2021-04-06,5837.0,58.37
2021-04-07,5752.0,57.52
2021-04-08,5.68,0.056799999999999996
2021-04-09,5644.0,56.44
2021-04-12,5723.0,57.23
2021-04-13,5744.0,57.44
2021-04-14,5819.0,58.19
2021-04-15,5793.0,57.93
2021-04-16,5712.0,57.12
2021-04-19,5684.0,56.84
2021-04-20,5655.0,56.55
2021-04-21,5655.0,56.55
2021-04-22,5664.0,56.64
2021-04-23,5641.0,56.41
2021-04-26,5651.0,56.51
2021-04-27,5658.0,56.58
2021-04-28,5707.0,57.07
2021-04-29,5698.0,56.98
2021-04-30,5673.0,56.73
2021-05-03,5.64,0.0564
2021-05-04,5633.0,56.33
2021-05-05,5.62,0.0562
2021-05-06,5.65,0.0565
2021-05-07,5.58,0.0558
2021-05-10,5569.0,55.69
2021-05-11,5552.0,55.52
2021-05-17,5568.0,55.68
2021-05-18,5595.0,55.95
2021-05-19,5611.0,56.11
2021-05-20,5595.0,55.95
2021-05-21,5609.0,56.09
2021-05-24,5588.0,55.88
2021-05-25,5565.0,55.65
2021-05-26,5615.0,56.15
2021-05-27,5572.0,55.72
2021-05-28,5542.0,55.42
2021-05-31,5525.0,55.25
2021-06-02,5494.0,54.94
2021-06-03,5482.0,54.82
2021-06-04,5478.0,54.78
2021-06-07,5.47,0.0547
2021-06-08,5466.0,54.66
2021-06-09,5462.0,54.62
2021-06-10,5426.0,54.26
2021-06-11,5387.0,53.87
2021-06-14,5338.0,53.38
2021-06-15,5411.0,54.11
2021-06-16,5343.0,53.43
2021-06-17,5371.0,53.71
2021-06-18,5383.0,53.83
2021-06-21,5383.0,53.83
2021-06-22,5383.0,53.83
2021-06-23,5405.0,54.05
2021-06-24,5387.0,53.87
2021-06-25,5367.0,53.67
2021-06-28,5346.0,53.46
2021-06-29,5386.0,53.86
2021-06-30,5434.0,54.34
2021-07-01,5456.0,54.56
2021-07-02,5462.0,54.62
2021-07-05,5435.0,54.35
2021-07-06,5.38,0.0538
2021-07-07,5.38,0.0538
2021-07-08,5386.0,53.86
2021-07-09,5395.0,53.95
2021-07-12,5401.0,54.01
2021-07-13,5.38,0.0538
2021-07-14,5373.0,53.73
2021-07-15,5349.0,53.49
2021-07-16,5361.0,53.61
2021-07-19,5.31,0.053099999999999994
2021-07-21,5291.0,52.91
2021-07-22,5268.0,52.68
2021-07-23,5245.0,52.45
2021-07-26,5264.0,52.64
2021-07-27,5254.0,52.54
2021-07-28,5232.0,52.32
2021-07-29,5188.0,51.88
2021-07-30,5174.0,51.74
2021-08-02,5199.0,51.99
2021-08-03,5175.0,51.75
2021-08-04,5086.0,50.86
2021-08-05,5122.0,51.22
2021-08-06,5.14,0.051399999999999994
2021-08-09,5191.0,51.91
2021-08-10,5.19,0.0519
2021-08-12,5208.0,52.08
2021-08-13,5219.0,52.19
2021-08-16,5216.0,52.16
2021-08-18,5.18,0.0518
2021-08-19,5154.0,51.54
2021-08-20,5168.0,51.68
2021-08-23,5194.0,51.94
2021-08-24,5173.0,51.73
2021-08-25,5105.0,51.05
2021-08-26,5054.0,50.54
2021-08-27,5095.0,50.95
2021-08-30,5064.0,50.64
2021-08-31,5.04,0.0504
2021-09-01,5043.0,50.43
2021-09-02,5043.0,50.43
2021-09-03,5051.0,50.51
2021-09-06,5052.0,50.52
2021-09-07,5051.0,50.51
2021-09-08,5071.0,50.71
2021-09-09,5103.0,51.03
2021-09-10,5.05,0.050499999999999996
2021-09-13,5.07,0.0507
2021-09-14,5066.0,50.66
2021-09-15,5053.0,50.53
2021-09-16,5073.0,50.73
2021-09-17,5.08,0.0508
2021-09-20,5091.0,50.91
2021-09-21,5154.0,51.54
2021-09-22,5186.0,51.86
2021-09-23,5183.0,51.83
2021-09-24,5201.0,52.01
2021-09-27,5212.0,52.12
2021-09-28,5218.0,52.18
2021-09-29,5224.0,52.24
2021-09-30,5227.0,52.27
2021-10-01,5236.0,52.36
2021-10-04,5217.0,52.17
2021-10-05,5177.0,51.77
2021-10-06,5183.0,51.83
2021-10-07,5183.0,51.83
2021-10-08,5209.0,52.09
2021-10-11,5201.0,52.01
2021-10-12,5192.0,51.92
2021-10-13,5184.0,51.84
2021-10-14,5.13,0.0513
2021-10-15,5093.0,50.93
2021-10-18,5096.0,50.96
2021-10-19,5109.0,51.09
2021-10-21,5124.0,51.24
2021-10-22,5105.0,51.05
2021-10-25,5095.0,50.95
2021-10-26,5082.0,50.82
2021-10-27,5066.0,50.66
2021-10-28,5073.0,50.73
2021-10-29,5076.0,50.76
2021-11-01,5.11,0.051100000000000007
2021-11-02,5099.0,50.99
2021-11-03,5103.0,51.03
2021-11-04,5087.0,50.87
2021-11-05,5078.0,50.78
2021-11-08,5072.0,50.72
2021-11-09,5062.0,50.62
2021-11-10,5062.0,50.62
2021-11-11,5059.0,50.59
2021-11-12,5099.0,50.99
2021-11-15,5079.0,50.79
2021-11-16,5062.0,50.62
2021-11-17,5056.0,50.56
2021-11-18,5041.0,50.41
2021-11-19,5039.0,50.39
2021-11-22,5044.0,50.44
2021-11-23,5017.0,50.17
2021-11-24,5025.0,50.25
2021-11-25,5.04,0.0504
2021-11-26,5033.0,50.33
2021-11-29,5036.0,50.36
2021-11-30,5076.0,50.76
2021-12-01,5.06,0.0506
2021-12-02,5.11,0.051100000000000007
2021-12-03,5.14,0.051399999999999994
2021-12-06,5168.0,51.68
2021-12-07,5159.0,51.59
2021-12-08,5138.0,51.38
2021-12-09,5128.0,51.28
2021-12-10,5146.0,51.46
2021-12-13,5139.0,51.39
2021-12-14,5161.0,51.61
2021-12-15,5.17,0.051699999999999996
2021-12-16,5212.0,52.12
2021-12-17,5188.0,51.88
2021-12-20,5218.0,52.18
2021-12-21,5204.0,52.04
2021-12-22,5169.0,51.69
2021-12-23,5126.0,51.26
2021-12-24,5096.0,50.96
2021-12-27,5081.0,50.81
2021-12-28,5082.0,50.82
2021-12-29,5.09,0.0509
2021-12-30,5102.0,51.02
2021-12-31,5089.0,50.89
2022-01-03,5093.0,50.93
2022-01-04,5133.0,51.33
2022-01-05,5063.0,50.63
2022-01-06,5073.0,50.73
2022-01-07,5125.0,51.25
2022-01-10,5263.0,52.63
2022-01-11,5266.0,52.66
2022-01-12,5247.0,52.47
2022-01-13,5224.0,52.24
2022-01-14,5224.0,52.24
2022-01-17,5219.0,52.19
2022-01-18,5205.0,52.05
2022-01-19,5214.0,52.14
2022-01-20,5235.0,52.35
2022-01-21,5232.0,52.32
2022-01-24,5231.0,52.31
2022-01-25,5232.0,52.32
2022-01-26,5221.0,52.21
2022-01-27,5.24,0.0524
2022-01-28,5245.0,52.45
2022-01-31,5249.0,52.49
2022-02-02,5241.0,52.41
2022-02-03,5237.0,52.37
2022-02-04,5257.0,52.57
2022-02-07,5.29,0.0529
2022-02-08,5296.0,52.96
2022-02-09,5296.0,52.96
2022-02-10,5302.0,53.02
2022-02-11,5296.0,52.96
2022-02-14,5.32,0.053200000000000004
2022-02-15,5343.0,53.43
2022-02-16,5341.0,53.41
2022-02-17,5339.0,53.39
2022-02-18,5342.0,53.42
2022-02-21,5338.0,53.38
2022-02-22,5338.0,53.38
2022-02-23,5344.0,53.44
2022-02-24,5351.0,53.51
2022-02-25,5348.0,53.48
2022-03-01,5378.0,53.78
2022-03-02,5395.0,53.95
2022-03-04,5457.0,54.57
2022-03-07,5.53,0.0553
2022-03-08,5.56,0.0556
2022-03-09,5614.0,56.14
2022-03-10,5628.0,56.28
2022-03-11,5603.0,56.03
2022-03-14,5572.0,55.72
2022-03-15,5.58,0.0558
2022-03-16,5584.0,55.84
2022-03-17,5601.0,56.01
2022-03-18,5581.0,55.81
2022-03-21,5597.0,55.97
2022-03-22,5582.0,55.82
2022-03-23,5637.0,56.37
2022-03-24,5602.0,56.02
2022-03-25,5.6,0.055999999999999994
2022-03-28,5.58,0.0558
2022-03-29,5607.0,56.07
2022-03-30,5613.0,56.13
2022-03-31,5639.0,56.39
2022-04-01,5652.0,56.52
2022-04-04,5649.0,56.49
2022-04-05,5654.0,56.54
2022-04-06,5662.0,56.62
2022-04-07,5698.0,56.98
2022-04-08,5695.0,56.95
2022-04-11,5727.0,57.27
2022-04-12,5786.0,57.86
2022-04-13,5832.0,58.32
2022-04-14,5.86,0.058600000000000006
2022-04-18,5881.0,58.81
2022-04-19,5964.0,59.64
2022-04-20,5998.0,59.98
2022-04-21,6073.0,60.73
2022-04-22,6133.0,61.33
2022-04-25,6194.0,61.94
2022-04-26,6.309999999999999,0.06309999999999999
2022-04-27,6318.0,63.18
2022-04-28,6315.0,63.15
2022-05-09,6484.999999999999,64.85
2022-05-10,6623.999999999999,66.24
2022-05-11,6831.999999999999,68.32
2022-05-12,6851.000000000001,68.51
2022-05-13,6828.0,68.28
2022-05-17,6823.999999999999,68.24
2022-05-18,6779.000000000001,67.79
2022-05-19,6695.999999999999,66.96
2022-05-20,6605.0,66.05
2022-05-23,6.35,0.0635
2022-05-24,6.27,0.06269999999999999
2022-05-25,6286.0,62.86
2022-05-27,6228.0,62.28
2022-05-30,6215.0,62.15
2022-05-31,6161.0,61.61
2022-06-02,6138.0,61.38
2022-06-03,6067.0,60.67
2022-06-06,6073.0,60.73
2022-06-07,6081.0,60.81
2022-06-08,6142.0,61.42
2022-06-09,6213.0,62.13
2022-06-10,6288.0,62.88
2022-06-13,6441.0,64.41
2022-06-14,6695.0,66.95
2022-06-15,6668.000000000001,66.68
2022-06-16,6589.0,65.89
2022-06-17,6616.0,66.16
2022-06-20,6639.0,66.39
2022-06-21,6781.999999999999,67.82
2022-06-22,6754.000000000001,67.54
2022-06-23,6605.0,66.05
2022-06-24,6594.0,65.94
2022-06-27,6538.0,65.38
2022-06-28,6.47,0.0647
2022-06-29,6232.0,62.32
2022-06-30,6206.0,62.06
2022-07-01,6143.0,61.43
2022-07-04,6197.0,61.97
2022-07-05,6201.0,62.01
2022-07-06,6232.0,62.32
2022-07-07,6236.0,62.36
2022-07-08,6234.0,62.34
2022-07-11,6238.0,62.38
2022-07-12,6239.0,62.39
2022-07-13,6.260000000000001,0.0626
2022-07-14,6319.0,63.19
2022-07-15,6428.0,64.28
2022-07-18,6483.0,64.83
2022-07-19,6568.000000000001,65.68
2022-07-20,6.72,0.0672
2022-07-21,6773.999999999999,67.74
2022-07-22,6829.000000000001,68.29
2022-07-25,6801.000000000001,68.01
2022-07-26,6775.0,67.75
2022-07-27,6762.0,67.62
2022-07-28,6723.0,67.23
2022-07-29,6625.0,66.25
2022-08-01,6441.0,64.41
2022-08-02,6442.0,64.42
2022-08-03,6.49,0.0649
2022-08-04,6498.999999999999,64.99
2022-08-05,6427.0,64.27
2022-08-08,6423.999999999999,64.24
2022-08-09,6397.0,63.97
2022-08-10,6466.0,64.66
2022-08-11,6327.0,63.27
2022-08-12,6289.0,62.89
2022-08-15,6342.0,63.42
2022-08-16,6406.999999999999,64.07
2022-08-18,6394.0,63.94
2022-08-19,6415.000000000001,64.15
2022-08-22,6453.0,64.53
2022-08-23,6598.999999999999,65.99
2022-08-24,6604.000000000001,66.04
2022-08-25,6613.0,66.13
2022-08-26,6641.0,66.41
2022-08-29,6692.0,66.92
2022-08-30,6.660000000000001,0.0666
2022-08-31,6623.999999999999,66.24
2022-09-01,6.65,0.0665
2022-09-02,6637.0,66.37
2022-09-05,6715.000000000001,67.15
2022-09-06,6.74,0.0674
2022-09-07,6779.000000000001,67.79
2022-09-08,6764.0,67.64
2022-09-09,6620.999999999999,66.21
2022-09-12,6584.0,65.84
2022-09-13,6.509999999999999,0.06509999999999999
2022-09-14,6508.0,65.08
2022-09-15,6562.0,65.62
2022-09-16,6673.999999999999,66.74
2022-09-19,6686.0,66.86
2022-09-20,6683.0,66.83
2022-09-21,6672.0,66.72
2022-09-22,6744.0,67.44
2022-09-23,6812.0,68.12
2022-09-26,6.88,0.0688
2022-09-27,6931.999999999999,69.32
2022-09-28,6843.000000000001,68.43
2022-09-29,6.77,0.0677
2022-09-30,6738.0,67.38
2022-10-03,6728.0,67.28
2022-10-04,6720.999999999999,67.21
2022-10-05,6654.000000000001,66.54
2022-10-06,6697.0,66.97
2022-10-07,6.709999999999999,0.06709999999999999
2022-10-10,6748.999999999999,67.49
2022-10-11,6814.0,68.14
2022-10-12,6859.0,68.59
2022-10-13,6920.999999999999,69.21
2022-10-14,6856.999999999999,68.57
2022-10-17,7001.000000000001,70.01
2022-10-18,7056.999999999999,70.57
2022-10-19,7078.0,70.78
2022-10-20,7.17,0.0717
2022-10-21,7226.000000000001,72.26
2022-10-24,7367.0,73.67
2022-10-25,7377.0,73.77
2022-10-26,7343.000000000001,73.43
2022-10-27,7314.0,73.14
2022-10-28,7247.0,72.47
2022-10-31,7192.0,71.92
2022-11-01,7183.0,71.83
2022-11-02,7084.0,70.84
2022-11-03,7043.000000000001,70.43
2022-11-04,7154.000000000001,71.54
2022-11-07,7183.0,71.83
2022-11-08,7184.0,71.84
2022-11-09,7166.0,71.66
2022-11-10,7164.0,71.64
2022-11-11,7101.000000000001,71.01
2022-11-14,6977.0,69.77
2022-11-15,6943.000000000001,69.43
2022-11-16,6773.999999999999,67.74
2022-11-17,6823.0,68.23
2022-11-18,6884.0,68.84
2022-11-21,6867.0,68.67
2022-11-22,6866.0,68.66
2022-11-23,6764.0,67.64
2022-11-24,6681.0,66.81
2022-11-25,6606.999999999999,66.07
2022-11-28,6520.999999999999,65.21
2022-11-29,6478.0,64.78
2022-11-30,6409.0,64.09
2022-12-01,6.24,0.062400000000000004
2022-12-02,6.19,0.061900000000000004
2022-12-05,6.17,0.0617
2022-12-06,6194.0,61.94
2022-12-07,6208.0,62.08
2022-12-08,6188.0,61.88
2022-12-09,6214.0,62.14
2022-12-12,6.21,0.0621
2022-12-13,6203.0,62.03
2022-12-14,6203.0,62.03
2022-12-15,6142.0,61.42
2022-12-16,6168.0,61.68
2022-12-19,6155.0,61.55
2022-12-20,6171.0,61.71
2022-12-21,6167.0,61.67
2022-12-22,6176.0,61.76
2022-12-23,6194.0,61.94
2022-12-26,6186.0,61.86
2022-12-27,6198.0,61.98
2022-12-28,6189.0,61.89
2022-12-29,6.2,0.062
2022-12-30,6182.0,61.82
2023-01-02,6199.0,61.99
2023-01-03,6662.0,66.62
2023-01-04,6631.999999999999,66.32
2023-01-05,6622.0,66.22
2023-01-06,6615.000000000001,66.15
2023-01-09,6588.0,65.88
2023-01-10,6531.999999999999,65.32
2023-01-11,6481.0,64.81
2023-01-12,6445.0,64.45
2023-01-13,6413.0,64.13
2023-01-16,6473.0,64.73
2023-01-17,6493.000000000001,64.93
2023-01-18,6422.0,64.22
2023-01-19,6396.0,63.96
2023-01-20,6367.0,63.67
2023-01-23,6.4399999999999995,0.0644
2023-01-24,6367.0,63.67
2023-01-25,6381.0,63.81
2023-01-26,6420.999999999999,64.21
2023-01-27,6431.0,64.31
2023-01-30,6454.000000000001,64.54
2023-01-31,6333.0,63.33
2023-02-01,6321.0,63.21
2023-02-02,6309.0,63.09
2023-02-03,6259.0,62.59
2023-02-06,6352.0,63.52
2023-02-07,6385.0,63.85
2023-02-08,6.36,0.0636
2023-02-09,6299.0,62.99
2023-02-10,6332.0,63.32
2023-02-13,6395.0,63.95
2023-02-14,6379.0,63.79
2023-02-15,6.39,0.0639
2023-02-16,6431.999999999999,64.32
2023-02-17,6378.0,63.78
2023-02-20,6375.0,63.75
2023-02-21,6393.0,63.93
2023-02-22,6461.0,64.61
2023-02-23,6495.999999999999,64.96
2023-02-24,6473.0,64.73
2023-02-27,6551.000000000001,65.51
2023-02-28,6591.0,65.91
2023-03-01,6606.0,66.06
2023-03-02,6595.0,65.95
2023-03-03,6581.0,65.81
2023-03-06,6529.000000000001,65.29
2023-03-07,6577.0,65.77
2023-03-08,6562.0,65.62
2023-03-09,6.6000000000000005,0.066
2023-03-10,6573.999999999999,65.74
2023-03-13,6533.0,65.33
2023-03-14,6451.000000000001,64.51
2023-03-15,6418.000000000001,64.18
2023-03-16,6445.0,64.45
2023-03-17,6520.999999999999,65.21
2023-03-20,6477.0,64.77
2023-03-21,6511.0,65.11
2023-03-22,6567.0,65.67
2023-03-24,6481.0,64.81
2023-03-27,6408.0,64.08
2023-03-28,6403.0,64.03
2023-03-29,6442.0,64.42
2023-03-30,6.4399999999999995,0.0644
2023-03-31,6425.0,64.25
2023-04-03,6373.0,63.73
2023-04-04,6362.0,63.62
2023-04-05,6346.0,63.46
2023-04-06,6346.0,63.46
2023-04-07,6417.0,64.17
2023-04-10,6392.0,63.92
2023-04-11,6365.0,63.65
2023-04-12,6346.0,63.46
2023-04-13,6339.0,63.39
2023-04-14,6369.0,63.69
2023-04-17,6364.0,63.64
2023-04-18,6397.0,63.97
2023-04-19,6.460000000000001,0.0646
2023-04-26,6335.0,63.35
2023-04-27,6286.0,62.86
2023-04-28,6275.0,62.75
2023-05-02,6252.0,62.52
2023-05-03,6241.0,62.41
2023-05-04,6194.0,61.94
2023-05-05,6177.0,61.77
2023-05-08,6221.0,62.21
2023-05-09,6.21,0.0621
2023-05-10,6199.0,61.99
2023-05-11,6135.0,61.35
2023-05-12,6117.0,61.17
2023-05-15,6106.0,61.06
2023-05-16,6068.0,60.68
2023-05-17,6.06,0.060599999999999994
2023-05-18,6.13,0.0613
2023-05-19,6134.0,61.34
2023-05-22,6145.0,61.45
2023-05-23,6131.0,61.31
2023-05-24,6081.0,60.81
2023-05-25,6.07,0.060700000000000004
2023-05-26,6.1,0.061
2023-05-29,6066.0,60.66
2023-05-30,6058.0,60.58
2023-05-31,6055.0,60.55
2023-06-01,6095.0,60.95
2023-06-05,6065.0,60.65
2023-06-06,6016.0,60.16
2023-06-07,6027.0,60.27
2023-06-08,6008.0,60.08
2023-06-09,5956.0,59.56
2023-06-12,5929.0,59.29
2023-06-13,5933.0,59.33
2023-06-14,5898.0,58.98
2023-06-15,5898.0,58.98
2023-06-16,5909.0,59.09
2023-06-19,5898.0,58.98
2023-06-20,5951.0,59.51
2023-06-21,5.97,0.059699999999999996
2023-06-22,5977.0,59.77
2023-06-23,5964.0,59.64
2023-06-26,5921.0,59.21
2023-06-27,5906.0,59.06
2023-06-28,5.97,0.059699999999999996
2023-07-03,5863.0,58.63
2023-07-04,5898.0,58.98
2023-07-05,5.91,0.0591
2023-07-06,5923.0,59.23
2023-07-07,5.98,0.059800000000000006
2023-07-10,6012.0,60.12
2023-07-11,6015.0,60.15
2023-07-12,5.91,0.0591
2023-07-13,5896.0,58.96
2023-07-14,5874.0,58.74
2023-07-17,5894.0,58.94
2023-07-18,5.88,0.0588
2023-07-20,5882.0,58.82
2023-07-21,5918.0,59.18
2023-07-24,5917.0,59.17
2023-07-25,5927.0,59.27
2023-07-26,5956.0,59.56
2023-07-27,5967.0,59.67
2023-07-28,5994.0,59.94
2023-07-31,6008.0,60.08
2023-08-01,6007.0,60.07
2023-08-02,5993.0,59.93
2023-08-03,5979.0,59.79
2023-08-04,6049.0,60.49
2023-08-07,6069.0,60.69
2023-08-08,6074.0,60.74
2023-08-09,6059.0,60.59
2023-08-10,6045.0,60.45
2023-08-11,6046.0,60.46
2023-08-14,6073.0,60.73
2023-08-15,6098.0,60.98
2023-08-16,6139.0,61.39
2023-08-17,6222.0,62.22
2023-08-18,6192.0,61.92
2023-08-21,6.24,0.062400000000000004
2023-08-22,6339.0,63.39
2023-08-23,6335.0,63.35
2023-08-24,6338.0,63.38
2023-08-25,6378.0,63.78
2023-08-28,6319.0,63.19
2023-08-29,6307.0,63.07
2023-08-30,6287.0,62.87
2023-08-31,6195.0,61.95
2023-09-01,6.14,0.061399999999999996
2023-09-04,6093.0,60.93
2023-09-05,6128.0,61.28
2023-09-06,6186.0,61.86
2023-09-07,6227.0,62.27
2023-09-08,6.23,0.0623
2023-09-11,6239.0,62.39
2023-09-12,6313.0,63.13
2023-09-13,6336.0,63.36
2023-09-14,6304.0,63.04
2023-09-15,6333.0,63.33
2023-09-18,6369.0,63.69
2023-09-19,6388.0,63.88
2023-09-20,6445.0,64.45
2023-09-21,6429.000000000001,64.29
2023-09-22,6.4,0.064
2023-09-25,6401.000000000001,64.01
2023-09-26,6464.0,64.64
2023-09-27,6531.0,65.31
2023-09-28,6595.999999999999,65.96
2023-09-29,6518.000000000001,65.18
2023-10-02,6606.999999999999,66.07
2023-10-03,6.709999999999999,0.06709999999999999
2023-10-04,6.78,0.0678
2023-10-05,6872.0,68.72
2023-10-06,6.81,0.0681
2023-10-09,6787.0,67.87
2023-10-10,6768.000000000001,67.68
2023-10-11,6741.0,67.41
2023-10-12,6613.0,66.13
2023-10-13,6.63,0.0663
2023-10-16,6597.0,65.97
2023-10-17,6642.0,66.42
2023-10-18,6717.0,67.17
2023-10-19,6775.0,67.75
2023-10-20,6947.0,69.47
2023-10-23,7145.0,71.45
2023-10-24,7243.000000000001,72.43
2023-10-25,7.13,0.0713
2023-10-26,7131.0,71.31
2023-10-27,7134.0,71.34
2023-10-30,7092.0,70.92
2023-10-31,7.049999999999999,0.0705
2023-11-01,7034.0,70.34
2023-11-02,6914.0,69.14
2023-11-03,6858.0,68.58
2023-11-06,6653.0,66.53
2023-11-07,6664.0,66.64
2023-11-08,6676.000000000001,66.76
2023-11-09,6691.0,66.91
2023-11-10,6768.000000000001,67.68
2023-11-13,6809.0,68.09
2023-11-14,6834.0,68.34
2023-11-15,6768.000000000001,67.68
2023-11-16,6709.0,67.09
2023-11-17,6663.0,66.63
2023-11-20,6647.0,66.47
2023-11-21,6.64,0.0664
2023-11-22,6647.0,66.47
2023-11-23,6664.0,66.64
2023-11-24,6669.0,66.69
2023-11-27,6711.0,67.11
2023-11-28,6695.999999999999,66.96
2023-11-29,6626.000000000001,66.26
2023-11-30,6618.000000000001,66.18
2023-12-01,6584.999999999999,65.85
2023-12-04,6552.0,65.52
2023-12-05,6554.000000000001,65.54
2023-12-06,6544.0,65.44
2023-12-07,6529.000000000001,65.29
2023-12-08,6536.0,65.36
2023-12-11,6567.0,65.67
2023-12-12,6608.0,66.08
2023-12-13,6612.0,66.12
2023-12-14,6.570000000000001,0.06570000000000001
2023-12-15,6501.000000000001,65.01
2023-12-18,6522.0,65.22
2023-12-19,6.54,0.0654
2023-12-20,6533.0,65.33
2023-12-21,6491.0,64.91
2023-12-22,6505.0,65.05
2023-12-25,6542.0,65.42
2023-12-27,6512.0,65.12
2023-12-28,6481.0,64.81
2023-12-29,6442.0,64.42
2024-01-01,6.509999999999999,0.06509999999999999
2024-01-02,6505.0,65.05
2024-01-03,6554.000000000001,65.54
2024-01-04,6554.000000000001,65.54
2024-01-05,6583.0,65.83
2024-01-08,6620.999999999999,66.21
2024-01-09,6616.0,66.16
2024-01-10,6595.999999999999,65.96
2024-01-11,6554.000000000001,65.54
2024-01-12,6526.000000000001,65.26
2024-01-15,6511.0,65.11
2024-01-16,6509.0,65.09
2024-01-17,6515.000000000001,65.15
2024-01-18,6491.0,64.91
2024-01-19,6462.0,64.62
2024-01-22,6448.999999999999,64.49
2024-01-23,6453.0,64.53
2024-01-24,6479.000000000001,64.79
2024-01-25,6.52,0.0652
2024-01-26,6562.0,65.62
2024-01-29,6.529999999999999,0.0653
2024-01-30,6523.0,65.23
2024-01-31,6497.0,64.97
2024-02-01,6448.0,64.48
2024-02-02,6417.0,64.17
2024-02-05,6552.0,65.52
2024-02-06,6505.0,65.05
2024-02-07,6511.0,65.11
2024-02-12,6511.0,65.11
2024-02-13,6531.0,65.31
2024-02-15,6527.0,65.27
2024-02-16,6.52,0.0652
2024-02-19,6503.0,65.03
2024-02-20,6514.0,65.14
2024-02-21,6491.0,64.91
2024-02-22,6498.0,64.98
2024-02-23,6486.0,64.86
2024-02-26,6523.999999999999,65.24
2024-02-27,6481.0,64.81
2024-02-28,6466.0,64.66
2024-02-29,6472.0,64.72
2024-03-01,6491.0,64.91
2024-03-04,6495.999999999999,64.96
2024-03-05,6502.0,65.02
2024-03-06,6494.0,64.94
2024-03-07,6.509999999999999,0.06509999999999999
2024-03-08,6470.999999999999,64.71
2024-03-13,6513.0,65.13
2024-03-14,6519.0,65.19
2024-03-15,6556.0,65.56
2024-03-18,6517.0,65.17
2024-03-19,6.529999999999999,0.0653
2024-03-20,6514.0,65.14
2024-03-21,6519.0,65.19
2024-03-22,6533.0,65.33
2024-03-25,6539.0,65.39
2024-03-26,6615.000000000001,66.15
2024-03-27,6634.0,66.34
2024-03-28,6606.0,66.06
2024-04-01,6576.000000000001,65.76
2024-04-02,6598.0,65.98
2024-04-03,6608.0,66.08
2024-04-04,6567.0,65.67
2024-04-05,6568.000000000001,65.68
2024-04-16,6884.999999999999,68.85
2024-04-17,6937.0,69.37
2024-04-18,6906.999999999999,69.07
2024-04-19,7022.0,70.22
2024-04-22,7028.0,70.28
2024-04-23,7028.0,70.28
2024-04-24,7029.000000000001,70.29
2024-04-25,7066.0,70.66
2024-04-26,7113.0,71.13
2024-04-29,7131.999999999999,71.32
2024-04-30,7148.999999999999,71.49
2024-05-02,7039.0,70.39
2024-05-03,6963.0,69.63
2024-05-06,6.88,0.0688
2024-05-07,6936.0,69.36
2024-05-08,6923.999999999999,69.24
2024-05-13,6948.0,69.48
2024-05-14,7019.0,70.19
2024-05-15,6948.999999999999,69.49
2024-05-16,6802.0,68.02
2024-05-17,6.849999999999999,0.06849999999999999
2024-05-20,6865.000000000001,68.65
2024-05-21,6856.999999999999,68.57
2024-05-22,6876.000000000001,68.76
2024-05-27,6881.0,68.81
2024-05-28,6868.000000000001,68.68
2024-05-29,6905.0,69.05
2024-05-30,6.92,0.0692
2024-05-31,6902.0,69.02
2024-06-03,6887.0,68.87
2024-06-04,6823.0,68.23
2024-06-05,6847.0,68.47
2024-06-06,6866.0,68.66
2024-06-07,6848.999999999999,68.49
2024-06-10,6943.000000000001,69.43
2024-06-11,6.959999999999999,0.0696
2024-06-12,6956.999999999999,69.57
2024-06-13,6945.0,69.45
2024-06-14,7111.0,71.11
2024-06-19,7001.000000000001,70.01
2024-06-20,7042.0,70.42
2024-06-21,7023.0,70.23
2024-06-24,7011.0,70.11
2024-06-25,6948.0,69.48
2024-06-26,6954.000000000001,69.54
2024-06-27,6978.0,69.78
2024-06-28,6927.0,69.27
2024-07-01,6948.0,69.48
2024-07-02,6981.999999999999,69.82
2024-07-03,6975.0,69.75
2024-07-04,6948.999999999999,69.49
2024-07-05,6938.0,69.38
2024-07-08,6916.0,69.16
2024-07-09,6912.0,69.12
2024-07-10,6884.0,68.84
2024-07-11,6894.0,68.94
2024-07-12,6.819999999999999,0.0682
2024-07-15,6863.0,68.63
2024-07-16,6843.000000000001,68.43
2024-07-17,6797.0,67.97
2024-07-18,6.81,0.0681
2024-07-19,6825.0,68.25
2024-07-22,6883.0,68.83
2024-07-23,6854.000000000001,68.54
2024-07-24,6823.0,68.23
2024-07-25,6.78,0.0678
2024-07-26,6806.0,68.06
2024-07-29,6745.999999999999,67.46
2024-07-30,6736.0,67.36
2024-07-31,6718.000000000001,67.18
2024-08-01,6705.0,67.05
2024-08-02,6689.0,66.89
2024-08-05,6641.0,66.41
2024-08-06,6673.999999999999,66.74
2024-08-07,6673.999999999999,66.74
2024-08-08,6618.000000000001,66.18
2024-08-09,6.63,0.0663
2024-08-12,6655.0,66.55
2024-08-13,6619.0,66.19
2024-08-14,6601.000000000001,66.01
2024-08-15,6558.0,65.58
2024-08-16,6584.0,65.84
2024-08-19,6529.000000000001,65.29
2024-08-20,6.509999999999999,0.06509999999999999
2024-08-21,6495.0,64.95
2024-08-22,6528.0,65.28
2024-08-23,6.509999999999999,0.06509999999999999
2024-08-26,6495.999999999999,64.96
2024-08-27,6.52,0.0652
2024-08-28,6512.0,65.12
2024-08-29,6506.999999999999,65.07
2024-08-30,6512.0,65.12
2024-09-02,6573.0,65.73
2024-09-03,6563.0,65.63
2024-09-04,6569.0,65.69
2024-09-05,6539.0,65.39
2024-09-06,6486.0,64.86
2024-09-09,6492.0,64.92
2024-09-10,6484.999999999999,64.85
2024-09-11,6484.999999999999,64.85
2024-09-12,6506.999999999999,65.07
2024-09-13,6423.999999999999,64.24
2024-09-17,6427.0,64.27
2024-09-18,6377.0,63.77
2024-09-19,6242.0,62.42
2024-09-20,6173.0,61.73
2024-09-23,6.18,0.061799999999999994
2024-09-24,6202.0,62.02
2024-09-25,6187.0,61.87
2024-09-26,6.19,0.061900000000000004
2024-09-27,6142.0,61.42
2024-09-30,6173.0,61.73
2024-10-01,6191.0,61.91
2024-10-02,6.32,0.0632
2024-10-03,6361.0,63.61
2024-10-04,6395.0,63.95
2024-10-07,6613.0,66.13
2024-10-08,6503.0,65.03
2024-10-09,6.43,0.0643
2024-10-10,6441.0,64.41
2024-10-11,6423.999999999999,64.24
2024-10-14,6415.000000000001,64.15
2024-10-15,6422.0,64.22
2024-10-16,6420.999999999999,64.21
2024-10-17,6406.0,64.06
2024-10-18,6427.0,64.27
2024-10-21,6401.000000000001,64.01
2024-10-22,6543.000000000001,65.43
2024-10-23,6604.000000000001,66.04
2024-10-24,6589.0,65.89
2024-10-25,6584.999999999999,65.85
2024-10-28,6659.0,66.59
2024-10-29,6.75,0.0675
2024-10-30,6711.0,67.11
2024-10-31,6689.0,66.89
2024-11-01,6736.0,67.36
2024-11-04,6681.999999999999,66.82
2024-11-05,6693.000000000001,66.93
2024-11-06,6745.0,67.45
2024-11-07,6745.0,67.45
2024-11-08,6567.0,65.67
2024-11-11,6520.999999999999,65.21
2024-11-12,6586.0,65.86
2024-11-13,6689.0,66.89
2024-11-14,6713.0,67.13
2024-11-15,6731.0,67.31
2024-11-18,6734.999999999999,67.35
2024-11-19,6717.0,67.17
2024-11-20,6708.0,67.08
2024-11-21,6.7299999999999995,0.0673
2024-11-22,6736.0,67.36
2024-11-25,6765.000000000001,67.65
2024-11-26,6868.000000000001,68.68
2024-11-28,6823.0,68.23
2024-11-29,6805.0,68.05
2024-12-02,6.76,0.0676
2024-12-03,6787.0,67.87
2024-12-04,6854.000000000001,68.54
2024-12-05,6858.0,68.58
2024-12-06,6863.0,68.63
2024-12-09,6872.0,68.72
2024-12-10,6867.0,68.67
2024-12-11,6897.0,68.97
2024-12-12,6894.0,68.94
2024-12-13,6893.000000000001,68.93
2024-12-16,6923.0,69.23
2024-12-17,6936.0,69.36
2024-12-18,6964.0,69.64
2024-12-19,7026.000000000001,70.26
2024-12-20,7101.000000000001,71.01
2024-12-23,7084.999999999999,70.85
2024-12-24,7044.0,70.44
2024-12-27,7017.0,70.17
2024-12-30,7.04,0.0704
2024-12-31,7031.0,70.31
2025-01-02,7048.999999999999,70.49
2025-01-03,6972.0,69.72
2025-01-06,7001.000000000001,70.01
2025-01-07,7006.0,70.06
2025-01-08,7091.0,70.91
2025-01-09,7141.0,71.41
2025-01-10,7092.0,70.92
2025-01-13,7197.0,71.97
2025-01-14,7184.999999999999,71.85
2025-01-15,7006.0,70.06
2025-01-16,7.01,0.0701
2025-01-17,6931.999999999999,69.32
2025-01-20,6947.0,69.47
2025-01-21,6903.0,69.03
2025-01-22,6898.0,68.98
2025-01-23,6895.0,68.95
2025-01-24,6784.0,67.84
2025-01-30,6.849999999999999,0.06849999999999999
2025-01-31,6845.0,68.45
2025-02-03,6922.0,69.22
2025-02-04,6861.0,68.61
2025-02-05,6.69,0.0669
2025-02-06,6681.0,66.81
2025-02-07,6652.0,66.52
2025-02-10,6602.0,66.02
2025-02-11,6601.000000000001,66.01
2025-02-12,6623.0,66.23
2025-02-13,6636.0,66.36
2025-02-14,6568.000000000001,65.68
2025-02-17,6573.999999999999,65.74
2025-02-18,6516.0,65.16
2025-02-19,6583.0,65.83
2025-02-20,6545.0,65.45
2025-02-21,6556.0,65.56
2025-02-24,6542.0,65.42
2025-02-25,6686.0,66.86
2025-02-26,6670.999999999999,66.71
2025-02-27,6777.0,67.77
2025-02-28,6764.0,67.64
2025-03-03,6.72,0.0672
2025-03-04,6606.999999999999,66.07
2025-03-05,6594.0,65.94
2025-03-06,6672.0,66.72
2025-03-07,6659.0,66.59
2025-03-10,6675.0,66.75
2025-03-11,6689.0,66.89
2025-03-12,6703.0,67.03
2025-03-13,6712.0,67.12
2025-03-14,6675.0,66.75
2025-03-17,6672.0,66.72
2025-03-18,6687.0,66.87
2025-03-19,6.72,0.0672
2025-03-20,6779.000000000001,67.79
2025-03-21,6868.000000000001,68.68
2025-03-24,6884.999999999999,68.85
2025-03-25,6965.000000000001,69.65
2025-03-26,6798.0,67.98
2025-03-27,6762.0,67.62
2025-04-08,6804.000000000001,68.04
2025-04-09,6898.999999999999,68.99
2025-04-10,6822.0,68.22
2025-04-11,6845.999999999999,68.46
2025-04-14,6822.0,68.22
2025-04-15,6798.0,67.98
2025-04-16,6787.0,67.87
2025-04-17,6791.0,67.91
2025-04-21,6802.0,68.02
2025-04-22,6720.999999999999,67.21
2025-04-23,6663.0,66.63
2025-04-24,6653.0,66.53
2025-04-25,6588.0,65.88
2025-04-28,6586.0,65.86
2025-04-29,6693.000000000001,66.93
2025-04-30,6651.000000000001,66.51
2025-05-02,6595.0,65.95
2025-05-05,6615.000000000001,66.15
2025-05-06,6552.0,65.52
2025-05-07,6538.0,65.38
2025-05-08,6552.0,65.52
2025-05-09,6541.0,65.41
2025-05-14,6595.999999999999,65.96
2025-05-15,6.59,0.0659
2025-05-16,6495.0,64.95
2025-05-19,6497.0,64.97
2025-05-20,6437.0,64.37
2025-05-21,6434.999999999999,64.35
2025-05-22,6469.0,64.69
2025-05-23,6411.0,64.11
2025-05-26,6398.0,63.98
2025-05-27,6419.0,64.19
2025-05-28,6423.0,64.23
2025-06-02,6423.0,64.23
2025-06-03,6413.0,64.13
2025-06-04,6406.999999999999,64.07
2025-06-05,6368.0,63.68
2025-06-10,6312.0,63.12
2025-06-11,6.3,0.063
2025-06-12,6265.0,62.65
2025-06-13,6318.0,63.18
2025-06-16,6324.0,63.24
2025-06-17,6324.0,63.24
2025-06-18,6344.0,63.44
2025-06-19,6393.0,63.93
2025-06-20,6417.0,64.17
2025-06-23,6456.999999999999,64.57
2025-06-24,6334.0,63.34
2025-06-25,6.32,0.0632
2025-06-26,6285.0,62.85
2025-06-30,6297.0,62.97
2025-07-01,6256.0,62.56
2025-07-02,6221.0,62.21
2025-07-03,6218.0,62.18
2025-07-04,6.19,0.061900000000000004
2025-07-07,6212.0,62.12
2025-07-08,6206.0,62.06
2025-07-09,6189.0,61.89
2025-07-10,6166.0,61.66
2025-07-11,6197.0,61.97
2025-07-14,6194.0,61.94
2025-07-15,6139.0,61.39
2025-07-16,6.15,0.061500000000000006
2025-07-17,6181.0,61.81
2025-07-18,6147.0,61.47
2025-07-21,6096.0,60.96
2025-07-22,6054.0,60.54
2025-07-23,6053.0,60.53
2025-07-24,6066.0,60.66
2025-07-25,6.12,0.061200000000000004
2025-07-28,6125.0,61.25
2025-07-29,6125.0,61.25
2025-07-30,6115.0,61.15
2025-07-31,6.14,0.061399999999999996
2025-08-01,6201.0,62.01
2025-08-04,6114.0,61.14
2025-08-05,6112.0,61.12
2025-08-06,6099.0,60.99
2025-08-07,6041.0,60.41
2025-08-08,6.04,0.0604
2025-08-11,6026.0,60.26
2025-08-12,6031.0,60.31
2025-08-13,6.03,0.0603
2025-08-14,6002.0,60.02
2025-08-15,6008.0,60.08
2025-08-19,6115.0,61.15
2025-08-20,6115.0,61.15
2025-08-21,5808.0,58.08
2025-08-22,5831.0,58.31
2025-08-25,5788.0,57.88
2025-08-26,5787.0,57.87
2025-08-27,5672.0,56.72
2025-08-28,5641.0,56.41
2025-08-29,5697.0,56.97
2025-09-01,5781.0,57.81
2025-09-02,5781.0,57.81
2025-09-03,5757.0,57.57
2025-09-04,5756.0,57.56
2025-09-08,5826.0,58.26
2025-09-09,5.86,0.058600000000000006
2025-09-10,5859.0,58.59
2025-09-11,5718.0,57.18
2025-09-12,5.61,0.056100000000000004
2025-09-15,5616.0,56.16
2025-09-16,5562.0,55.62
2025-09-17,5563.0,55.63
2025-09-18,5.56,0.0556
2025-09-19,5459.0,54.59
2025-09-22,5562.0,55.62
2025-09-23,5561.0,55.61
2025-09-24,5538.0,55.38
2025-09-25,5535.0,55.35
2025-09-26,5569.0,55.69
2025-09-29,5479.0,54.79
2025-09-30,5511.0,55.11
2025-10-01,5509.0,55.09
2025-10-02,5447.0,54.47
2025-10-03,5448.0,54.48
2025-10-06,5442.0,54.42
2025-10-07,5445.0,54.45
2025-10-08,5413.0,54.13
2025-10-09,5.34,0.053399999999999996
2025-10-10,5347.0,53.47
2025-10-13,5387.0,53.87
2025-10-14,5346.0,53.46
2025-10-15,5327.0,53.27
2025-10-16,5315.0,53.15
2025-10-17,5318.0,53.18
2025-10-20,5375.0,53.75
2025-10-21,5376.0,53.76
2025-10-22,5.37,0.0537
2025-10-23,5404.0,54.04
2025-10-24,5412.0,54.12
2025-10-27,5411.0,54.11
2025-10-28,5411.0,54.11
2025-10-29,5416.0,54.16
2025-10-30,5448.0,54.48
2025-10-31,5471.0,54.71
2025-11-03,5518.0,55.18
2025-11-04,5638.0,56.38
2025-11-05,5541.0,55.41
2025-11-06,5568.0,55.68
2025-11-07,5517.0,55.17
2025-11-10,5513.0,55.13
2025-11-11,5467.0,54.67
2025-11-12,5462.0,54.62
2025-11-13,5.45,0.0545
2025-11-14,5429.0,54.29
2025-11-17,5446.0,54.46
2025-11-18,5438.0,54.38
2025-11-19,5.43,0.054299999999999994
2025-11-20,5483.0,54.83
2025-11-21,5.63,0.056299999999999996
2025-11-24,5.69,0.056900000000000006
2025-11-25,5702.0,57.02
2025-11-26,5686.0,56.86
2025-11-27,5803.0,58.03
2025-11-28,5804.0,58.04
2025-12-01,5798.0,57.98
2025-12-02,5807.0,58.07
2025-12-03,5724.0,57.24
2025-12-04,5723.0,57.23
2025-12-05,5673.0,56.73
2025-12-08,5746.0,57.46
2025-12-09,5746.0,57.46
2025-12-10,5635.0,56.35
2025-12-11,5634.0,56.34
2025-12-12,5634.0,56.34
2025-12-15,5584.0,55.84
2025-12-16,5584.0,55.84
2025-12-17,5599.0,55.99
2025-12-18,5593.0,55.93
2025-12-19,5.6,0.055999999999999994
2025-12-22,5618.0,56.18
2025-12-23,5616.0,56.16
2025-12-24,5616.0,56.16
2025-12-29,5615.0,56.15
