date,px,ret
2016-01-04,4525.92,
2016-01-05,4557.82,0.007048290734259499
2016-01-06,4608.98,0.01122466442290393
2016-01-07,4530.45,-0.017038477060000168
2016-01-08,4546.29,0.0034963414230375633
2016-01-11,4465.48,-0.01777493296732069
2016-01-12,4512.53,0.010536381307272746
2016-01-13,4537.18,0.005462567561877796
2016-01-14,4513.18,-0.005289629241070459
2016-01-15,4523.98,0.0023929911946785065
2016-01-18,4481.28,-0.009438591682545017
2016-01-19,4491.74,0.0023341545272779207
2016-01-20,4427.98,-0.014194944498123307
2016-01-21,4414.13,-0.0031278370724346916
2016-01-22,4456.74,0.009653091322638918
2016-01-25,4505.79,0.011005802447529023
2016-01-26,4510.47,0.0010386635861858728
2016-01-27,4583.63,0.016220039153347576
2016-01-28,4602.83,0.004188819778210728
2016-01-29,4615.16,0.002678786746414641
2016-02-01,4624.64,0.0020540999661984305
2016-02-02,4587.44,-0.008043869360642275
2016-02-03,4596.11,0.001889942974730996
2016-02-04,4665.82,0.015167173979734994
2016-02-05,4798.95,0.02853303385042727
2016-02-09,4768.62,-0.006320132528990663
2016-02-10,4732.48,-0.007578712499633045
2016-02-11,4775.86,0.009166441273919856
2016-02-12,4714.39,-0.012870980305117685
2016-02-15,4740.73,0.005587149132761482
2016-02-16,4745.0,0.0009007051656602094
2016-02-17,4765.51,0.004322444678609205
2016-02-18,4778.79,0.0027866901968518487
2016-02-19,4697.56,-0.01699802669713457
2016-02-22,4708.62,0.0023544137807711696
2016-02-23,4654.05,-0.011589382876511567
2016-02-24,4657.72,0.0007885605010689023
2016-02-25,4658.32,0.0001288183918310981
2016-02-26,4733.15,0.016063731130536274
2016-02-29,4770.96,0.007988337576455562
2016-03-01,4779.98,0.001890604825863118
2016-03-02,4836.2,0.011761555487679987
2016-03-03,4844.04,0.0016211074810801307
2016-03-04,4850.88,0.0014120444917877784
2016-03-07,4831.57,-0.003980721023814304
2016-03-08,4811.04,-0.004249136409076093
2016-03-10,4793.2,-0.0037081379493830724
2016-03-11,4813.78,0.00429358257531498
2016-03-14,4877.53,0.013243230891316182
2016-03-15,4849.78,-0.005689355062910906
2016-03-16,4861.44,0.002404232769321446
2016-03-17,4885.69,0.004988233938915121
2016-03-18,4885.71,4.0935875997849536e-06
2016-03-21,4885.16,-0.00011257319816371236
2016-03-22,4856.11,-0.005946581074110169
2016-03-23,4854.18,-0.00039743745508225015
2016-03-24,4827.09,-0.005580757203070386
2016-03-28,4773.63,-0.011074995494179785
2016-03-29,4781.3,0.0016067437149507313
2016-03-30,4816.65,0.007393386735824903
2016-03-31,4845.37,0.005962650389793822
2016-04-01,4843.19,-0.0004499140416521774
2016-04-04,4850.18,0.0014432636340926397
2016-04-05,4858.07,0.0016267437497163861
2016-04-06,4868.23,0.0020913655011145504
2016-04-07,4867.28,-0.0001951427931712324
2016-04-08,4846.7,-0.0042282342499301295
2016-04-11,4786.97,-0.012323849216992921
2016-04-12,4829.57,0.008899157504642652
2016-04-13,4853.01,0.0048534341566641714
2016-04-14,4814.85,-0.007863161213350067
2016-04-15,4823.57,0.0018110636883805764
2016-04-18,4865.53,0.008698951191752125
2016-04-19,4881.93,0.0033706502683161776
2016-04-20,4876.6,-0.0010917813241894114
2016-04-21,4903.09,0.005432063322806879
2016-04-22,4914.74,0.0023760526525109515
2016-04-25,4878.86,-0.007300487920012033
2016-04-26,4814.09,-0.013275642260692
2016-04-27,4845.66,0.006557833359991161
2016-04-28,4848.39,0.0005633907455331322
2016-04-29,4838.58,-0.002023352081825136
2016-05-02,4808.32,-0.006253900937878476
2016-05-03,4812.26,0.0008194130174365988
2016-05-04,4822.6,0.0021486785834514688
2016-05-09,4749.31,-0.015197196532990453
2016-05-10,4763.11,0.002905685246909373
2016-05-11,4799.96,0.0077365418812498365
2016-05-12,4803.32,0.0007000058333819226
2016-05-13,4761.72,-0.008660676365513709
2016-05-16,4731.56,-0.0063338457532151615
2016-05-17,4729.16,-0.0005072322870259827
2016-05-18,4734.36,0.0010995610214075136
2016-05-19,4704.22,-0.006366224790679054
2016-05-20,4711.88,0.0016283252058788555
2016-05-23,4743.66,0.006744653938555167
2016-05-24,4710.78,-0.00693135680044521
2016-05-25,4772.98,0.013203758188665038
2016-05-26,4784.56,0.0024261572434833845
2016-05-27,4814.73,0.0063057000016719655
2016-05-30,4836.03,0.004423924082970432
2016-05-31,4796.87,-0.008097551090460509
2016-06-01,4839.67,0.00892248487034264
2016-06-02,4833.23,-0.0013306692398449282
2016-06-03,4853.92,0.004280781175321824
2016-06-06,4896.02,0.008673402116227802
2016-06-07,4933.99,0.007755278777455743
2016-06-08,4916.06,-0.0036339757478226486
2016-06-09,4876.79,-0.007988104294902931
2016-06-10,4848.06,-0.0058911702164742286
2016-06-13,4807.23,-0.00842192547121956
2016-06-14,4821.59,0.0029871672460024534
2016-06-15,4814.82,-0.001404101136762037
2016-06-16,4814.39,-8.930759613012818e-05
2016-06-17,4835.14,0.0043099956588477095
2016-06-20,4863.53,0.005871598340482231
2016-06-21,4878.71,0.0031211897531218113
2016-06-22,4896.85,0.003718195998532403
2016-06-23,4874.31,-0.004602959045100441
2016-06-24,4834.57,-0.00815294882762907
2016-06-27,4836.05,0.00030612856986267367
2016-06-28,4882.17,0.00953670867753642
2016-06-29,4980.1,0.020058703404428835
2016-06-30,5016.65,0.007339210056022782
2016-07-01,4971.58,-0.008984083003597987
2016-07-11,5069.02,0.019599403006690164
2016-07-12,5099.53,0.006018914898737737
2016-07-13,5133.93,0.006745719703580733
2016-07-14,5083.54,-0.009815092921017676
2016-07-15,5110.18,0.005240442683641877
2016-07-18,5127.5,0.003389313096603175
2016-07-19,5172.83,0.008840565577767023
2016-07-20,5242.82,0.01353031126095372
2016-07-21,5216.97,-0.004930552641517205
2016-07-22,5197.25,-0.003779971899397605
2016-07-25,5220.8,0.004531242484006048
2016-07-26,5224.4,0.0006895494943301994
2016-07-27,5274.36,0.009562820610979239
2016-07-28,5299.21,0.004711472102776559
2016-07-29,5215.99,-0.015704227611285537
2016-08-01,5361.58,0.027912246764276727
2016-08-02,5373.32,0.002189653050033824
2016-08-03,5351.88,-0.0039900843426409205
2016-08-04,5373.86,0.004106968018714907
2016-08-05,5420.25,0.008632528573502052
2016-08-08,5458.98,0.007145426871454141
2016-08-09,5440.29,-0.003423716518470399
2016-08-10,5423.95,-0.003003516356664848
2016-08-11,5419.09,-0.0008960259589413377
2016-08-12,5377.2,-0.00773008014260701
2016-08-15,5320.56,-0.010533363088596204
2016-08-16,5371.85,0.009639962710692007
2016-08-18,5461.45,0.016679542429516747
2016-08-19,5416.03,-0.008316472731600633
2016-08-22,5427.18,0.002058703515305682
2016-08-23,5417.14,-0.0018499478550554338
2016-08-24,5403.99,-0.002427480183270214
2016-08-25,5454.12,0.009276479046038233
2016-08-26,5438.83,-0.002803385330722441
2016-08-29,5370.76,-0.01251555941259419
2016-08-30,5362.32,-0.0015714721938795417
2016-08-31,5386.08,0.004430917960882574
2016-09-01,5334.55,-0.00956725484953802
2016-09-02,5353.46,0.003544816338772794
2016-09-05,5356.95,0.0006519148363861582
2016-09-06,5372.1,0.0028281018116653733
2016-09-07,5381.35,0.0017218592356806894
2016-09-08,5371.08,-0.0019084430486774329
2016-09-09,5281.92,-0.01660001340512518
2016-09-13,5215.57,-0.012561719980613173
2016-09-14,5146.04,-0.013331237045998812
2016-09-15,5265.82,0.023276150204817547
2016-09-16,5267.77,0.0003703126958385372
2016-09-19,5321.84,0.010264305389187323
2016-09-20,5302.49,-0.0036359604948664748
2016-09-21,5342.59,0.0075624847948794205
2016-09-22,5380.26,0.0070508873037233855
2016-09-23,5388.91,0.0016077289945095607
2016-09-26,5352.14,-0.0068232722387272515
2016-09-27,5419.6,0.012604304072763473
2016-09-28,5425.34,0.0010591187541515446
2016-09-29,5431.96,0.0012202000243302091
2016-09-30,5364.8,-0.01236386129500211
2016-10-03,5463.91,0.018474127646883387
2016-10-04,5472.32,0.0015391907992627907
2016-10-05,5420.65,-0.009442064791532645
2016-10-06,5409.34,-0.002086465645263824
2016-10-07,5377.15,-0.005950818399287239
2016-10-10,5360.83,-0.0030350650437498405
2016-10-11,5382.0,0.003949015357696428
2016-10-12,5364.61,-0.003231140839836555
2016-10-13,5340.4,-0.004512909605730919
2016-10-14,5399.89,0.011139615010111736
2016-10-17,5410.3,0.0019278170481249468
2016-10-18,5430.05,0.0036504445224849746
2016-10-19,5409.29,-0.003823169215753097
2016-10-20,5403.69,-0.0010352560132661504
2016-10-21,5409.24,0.0010270759425503595
2016-10-24,5421.0,0.0021740577234510283
2016-10-25,5397.82,-0.004275963844309172
2016-10-26,5399.68,0.00034458355410160735
2016-10-27,5416.84,0.0031779661016948513
2016-10-28,5410.27,-0.0012128842646265126
2016-10-31,5422.54,0.0022679089952994946
2016-11-01,5416.01,-0.0012042327027554922
2016-11-02,5405.45,-0.0019497748342415244
2016-11-03,5329.5,-0.01405063408226881
2016-11-04,5362.66,0.006221972042405488
2016-11-07,5386.21,0.004391477363845597
2016-11-08,5470.68,0.015682641412050558
2016-11-09,5414.32,-0.010302192780422326
2016-11-10,5450.31,0.006647187458443726
2016-11-11,5231.97,-0.04006010667283144
2016-11-14,5115.74,-0.022215341448823422
2016-11-15,5078.5,-0.007279494266714037
2016-11-16,5185.47,0.02106330609431928
2016-11-17,5193.02,0.0014559914530409834
2016-11-18,5170.11,-0.004411691077638946
2016-11-21,5148.32,-0.004214610520859363
2016-11-22,5204.67,0.010945318084345956
2016-11-23,5212.0,0.0014083505774622473
2016-11-24,5107.62,-0.02002686108979279
2016-11-25,5122.1,0.0028349798927878034
2016-11-28,5114.57,-0.0014701001542337666
2016-11-29,5136.67,0.0043209888612336655
2016-11-30,5148.91,0.002382866721046817
2016-12-01,5198.76,0.00968166077868915
2016-12-02,5245.96,0.009079088090236942
2016-12-05,5268.31,0.004260421352812571
2016-12-06,5272.97,0.0008845341295404818
2016-12-07,5265.37,-0.0014413129602482977
2016-12-08,5303.73,0.007285337972450012
2016-12-09,5308.13,0.000829604825283381
2016-12-13,5293.62,-0.0027335426977108668
2016-12-14,5262.82,-0.0058183247002996374
2016-12-15,5254.36,-0.0016075032017055513
2016-12-16,5231.65,-0.004322124863922583
2016-12-19,5191.91,-0.007596073896380617
2016-12-20,5162.48,-0.0056684341600683474
2016-12-21,5111.39,-0.00989640637832967
2016-12-22,5042.87,-0.01340535549038524
2016-12-23,5027.7,-0.0030082076277992975
2016-12-27,5102.95,0.014967082363705142
2016-12-28,5209.44,0.02086832126515059
2016-12-29,5302.57,0.017877161460732927
2016-12-30,5296.71,-0.0011051244962347884
2017-01-03,5275.97,-0.003915638198051186
2017-01-04,5301.18,0.004778268261570906
2017-01-05,5325.5,0.004587657842216153
2017-01-06,5347.02,0.004040935123462708
2017-01-09,5316.36,-0.0057340350325977285
2017-01-10,5309.92,-0.0012113551377257448
2017-01-11,5301.24,-0.0016346762286437722
2017-01-12,5292.75,-0.0016015120990560128
2017-01-13,5272.98,-0.0037352982853904315
2017-01-16,5270.01,-0.0005632488649680578
2017-01-17,5266.94,-0.0005825415891053121
2017-01-18,5294.78,0.0052858016229537785
2017-01-19,5298.95,0.0007875681331424023
2017-01-20,5254.31,-0.008424310476603747
2017-01-23,5250.97,-0.0006356686225214014
2017-01-24,5292.09,0.007830934094081643
2017-01-25,5293.78,0.0003193445311775456
2017-01-26,5317.63,0.0045052873372146696
2017-01-27,5312.84,-0.0009007772259446156
2017-01-30,5302.66,-0.0019161126629072545
2017-01-31,5294.1,-0.0016142841517274853
2017-02-01,5327.16,0.0062446874822914555
2017-02-02,5353.71,0.0049838938571395985
2017-02-03,5360.77,0.0013187116971222768
2017-02-06,5395.99,0.006569951704699095
2017-02-07,5381.48,-0.0026890338936877978
2017-02-08,5361.09,-0.0037889205200055676
2017-02-09,5372.08,0.002049956258895147
2017-02-10,5371.67,-7.632053133976857e-05
2017-02-13,5409.56,0.007053672321643001
2017-02-14,5380.67,-0.00534054525691563
2017-02-16,5378.0,-0.0004962207308755184
2017-02-17,5350.93,-0.005033469691335002
2017-02-20,5359.29,0.001562345237182905
2017-02-21,5340.99,-0.0034146314157286195
2017-02-22,5358.68,0.003312120037671118
2017-02-23,5372.75,0.0026256466144647383
2017-02-24,5385.91,0.002449397422176647
2017-02-27,5382.87,-0.0005644357220970786
2017-02-28,5386.69,0.0007096586021955176
2017-03-01,5363.06,-0.0043867384237814555
2017-03-02,5408.25,0.008426159692414226
2017-03-03,5391.22,-0.003148892895113886
2017-03-06,5409.82,0.0034500539766508798
2017-03-07,5402.61,-0.0013327615336554688
2017-03-08,5393.76,-0.0016380971419368562
2017-03-09,5402.39,0.0015999970336091351
2017-03-10,5390.68,-0.002167559172884581
2017-03-13,5409.37,0.0034670950603634676
2017-03-14,5431.59,0.0041076872168108736
2017-03-15,5432.38,0.0001454454404694605
2017-03-16,5518.24,0.01580522717482946
2017-03-17,5540.43,0.004021209661051461
2017-03-20,5533.99,-0.0011623646540070975
2017-03-21,5543.09,0.0016443831665760023
2017-03-22,5534.09,-0.0016236431304561538
2017-03-23,5563.76,0.005361315049086768
2017-03-24,5567.13,0.0006057054941261963
2017-03-27,5541.2,-0.004657696155829005
2017-03-29,5592.51,0.009259727134916629
2017-03-30,5592.95,7.867665860228357e-05
2017-03-31,5568.11,-0.004441305572193577
2017-04-03,5606.79,0.006946701843174807
2017-04-04,5651.82,0.008031333436779198
2017-04-05,5676.98,0.004451663357997848
2017-04-06,5680.24,0.000574248984495318
2017-04-07,5653.49,-0.004709308057405992
2017-04-10,5644.3,-0.0016255445751207631
2017-04-11,5627.93,-0.0029002710699289613
2017-04-12,5644.15,0.0028820543254801656
2017-04-13,5616.55,-0.004890018869094459
2017-04-17,5577.49,-0.0069544471250145845
2017-04-18,5606.52,0.005204850210399403
2017-04-20,5595.31,-0.0019994577741629938
2017-04-21,5664.48,0.012362139005702932
2017-04-25,5680.8,0.0028811117701890154
2017-04-26,5726.53,0.008049922546120136
2017-04-27,5707.03,-0.003405203500199905
2017-04-28,5685.3,-0.003807584680648124
2017-05-02,5675.81,-0.00166921710375878
2017-05-03,5647.37,-0.005010738555378036
2017-05-04,5669.44,0.003908013818821887
2017-05-05,5683.38,0.0024587966359994606
2017-05-08,5707.86,0.004307296010472639
2017-05-09,5697.06,-0.0018921276975958357
2017-05-10,5653.01,-0.00773205828971435
2017-05-12,5675.22,0.003928880366388832
2017-05-15,5688.87,0.002405193102646086
2017-05-16,5647.0,-0.007359985374951417
2017-05-17,5615.49,-0.005579953957853712
2017-05-18,5645.45,0.005335242338602608
2017-05-19,5791.88,0.02593770204323831
2017-05-22,5749.44,-0.007327499879141275
2017-05-23,5730.61,-0.0032751015751099066
2017-05-24,5703.43,-0.004742950575942095
2017-05-26,5716.81,0.002345956731300225
2017-05-29,5712.33,-0.0007836538209247124
2017-05-30,5693.39,-0.003315634776002052
2017-05-31,5738.15,0.007861748448639405
2017-06-02,5742.45,0.0007493704416929869
2017-06-05,5748.23,0.001006539020801167
2017-06-06,5707.83,-0.00702825043535138
2017-06-07,5717.32,0.0016626283543832443
2017-06-08,5702.92,-0.002518662590164533
2017-06-09,5675.52,-0.004804556262405835
2017-06-12,5691.44,0.0028050293188992548
2017-06-13,5707.65,0.0028481368511308336
2017-06-14,5792.9,0.014936094539784284
2017-06-15,5776.28,-0.002869029329006234
2017-06-16,5723.64,-0.009113131634892913
2017-06-19,5741.91,0.0031920246556387255
2017-06-20,5791.9,0.008706162235214476
2017-06-21,5818.55,0.004601253474680211
2017-06-22,5829.71,0.001918003626333098
2017-07-03,5910.24,0.013813723152609647
2017-07-04,5865.36,-0.007593600259887978
2017-07-05,5825.05,-0.006872553432355266
2017-07-06,5849.57,0.004209405927846133
2017-07-07,5814.79,-0.00594573618231764
2017-07-10,5771.51,-0.007443089088341903
2017-07-11,5773.33,0.0003153420855199762
2017-07-12,5819.13,0.007933029984428464
2017-07-13,5830.04,0.001874850707923592
2017-07-14,5831.8,0.00030188472120262766
2017-07-17,5841.28,0.001625570149867972
2017-07-18,5822.35,-0.003240728059603293
2017-07-19,5806.69,-0.0026896356282258838
2017-07-20,5825.21,0.0031894246119563707
2017-07-21,5765.42,-0.010264007649509632
2017-07-24,5801.59,0.006273610595585399
2017-07-25,5813.53,0.0020580564983048166
2017-07-26,5800.21,-0.002291206891509967
2017-07-27,5819.74,0.0033671194663640325
2017-07-28,5831.03,0.0019399492073528535
2017-07-31,5840.94,0.0016995282137117762
2017-08-01,5805.2,-0.0061188781257810465
2017-08-02,5824.25,0.003281540687659401
2017-08-03,5780.58,-0.007497961110872642
2017-08-04,5777.48,-0.0005362783665308068
2017-08-07,5749.29,-0.004879289932634867
2017-08-08,5810.56,0.01065696807779748
2017-08-09,5824.01,0.0023147510739067734
2017-08-10,5825.95,0.0003331038236540351
2017-08-11,5766.14,-0.010266136853216978
2017-08-14,5801.49,0.0061306177095941106
2017-08-15,5835.04,0.005782997126600353
2017-08-16,5891.95,0.009753146507992971
2017-08-18,5893.84,0.00032077665289076407
2017-08-21,5861.0,-0.005571919156271643
2017-08-22,5880.3,0.0032929534209180655
2017-08-23,5914.02,0.005734401306055847
2017-08-24,5894.12,-0.003364885475531154
2017-08-25,5915.36,0.0036035913758118987
2017-08-28,5903.34,-0.0020319980525276282
2017-08-29,5888.21,-0.0025629558859899815
2017-08-30,5872.51,-0.0026663451201638377
2017-08-31,5864.06,-0.0014389077242950021
2017-09-04,5813.74,-0.008581085459562265
2017-09-05,5829.98,0.0027933825730079853
2017-09-06,5824.14,-0.001001718702293819
2017-09-07,5832.31,0.0014027822133395595
2017-09-08,5857.12,0.004253889110832576
2017-09-11,5871.88,0.0025200098341846555
2017-09-12,5872.38,8.515160391553422e-05
2017-09-13,5845.73,-0.004538194054199529
2017-09-14,5852.0,0.0010725777618878496
2017-09-15,5872.39,0.003484278879015701
2017-09-18,5884.61,0.0020809244617607803
2017-09-19,5901.33,0.0028413097894337547
2017-09-20,5906.57,0.0008879354315043386
2017-09-22,5911.71,0.0008702174019779019
2017-09-25,5894.61,-0.0028925640804438046
2017-09-26,5863.96,-0.005199665457087055
2017-09-27,5863.03,-0.00015859589765288007
2017-09-28,5841.05,-0.0037489148102601844
2017-09-29,5900.85,0.01023788531171621
2017-10-02,5914.03,0.0022335765186369816
2017-10-03,5939.45,0.004298253475210734
2017-10-04,5951.48,0.002025440065999362
2017-10-05,5901.91,-0.008329020680570176
2017-10-06,5905.38,0.0005879452583994471
2017-10-09,5914.93,0.0016171694285549432
2017-10-10,5905.76,-0.0015503142049018148
2017-10-11,5882.79,-0.003889423207174003
2017-10-12,5926.2,0.0073791517290264785
2017-10-13,5924.12,-0.0003509837670007121
2017-10-16,5949.7,0.004317940892486938
2017-10-17,5947.33,-0.0003983394120711248
2017-10-18,5929.2,-0.003048426773022528
2017-10-19,5910.53,-0.0031488227754166154
2017-10-20,5929.55,0.003217985527524725
2017-10-23,5950.03,0.003453887731784011
2017-10-24,5952.08,0.0003445360779694706
2017-10-25,6025.43,0.012323423072270634
2017-10-26,5995.85,-0.004909193202808804
2017-10-27,5975.28,-0.00343070623848174
2017-10-30,5974.08,-0.00020082740892468642
2017-10-31,6005.78,0.005306256360811945
2017-11-01,6038.15,0.005389807818468206
2017-11-02,6031.11,-0.0011659200251732393
2017-11-03,6039.54,0.0013977526524968642
2017-11-06,6050.82,0.001867691910311109
2017-11-07,6060.45,0.0015915198270648467
2017-11-08,6049.38,-0.0018265970348736449
2017-11-09,6042.46,-0.0011439188809432288
2017-11-10,6021.83,-0.003414172373503499
2017-11-13,6021.46,-6.14431161291007e-05
2017-11-14,5988.29,-0.0055086307971821125
2017-11-15,5972.31,-0.0026685414367039195
2017-11-16,6037.91,0.01098402460689396
2017-11-17,6051.73,0.002288871480363275
2017-11-20,6053.28,0.0002561251080270832
2017-11-21,6031.86,-0.0035385774324002695
2017-11-22,6069.78,0.006286618058111371
2017-11-23,6063.24,-0.0010774690351215144
2017-11-24,6067.14,0.0006432204563897592
2017-11-27,6064.59,-0.00042029687793587733
2017-11-28,6070.72,0.0010107855601120264
2017-11-29,6061.37,-0.001540179748036552
2017-11-30,5952.14,-0.018020678493475772
2017-12-04,5998.19,0.007736713182149524
2017-12-05,6000.47,0.00038011466792498005
2017-12-06,6035.51,0.005839542569165301
2017-12-07,6006.84,-0.004750219948272849
2017-12-08,6030.96,0.004015422418442993
2017-12-11,6026.63,-0.0007179619828352468
2017-12-12,6032.37,0.0009524394230273625
2017-12-13,6054.6,0.003685118784159558
2017-12-14,6113.65,0.00975291513890264
2017-12-15,6119.42,0.0009437897164541464
2017-12-18,6133.96,0.002376042173931614
2017-12-19,6167.67,0.005495634141728933
2017-12-20,6109.48,-0.009434681168091097
2017-12-21,6183.39,0.012097592593805162
2017-12-22,6221.01,0.006084041278327845
2017-12-27,6277.16,0.009025865574882497
2017-12-28,6314.05,0.005876861510619502
2017-12-29,6355.65,0.006588481244209188
2018-01-02,6339.24,-0.002581954638785966
2018-01-03,6251.48,-0.013843930818205341
2018-01-04,6292.32,0.006532853020404739
2018-01-05,6353.74,0.009761105601749476
2018-01-08,6385.4,0.004982891965991554
2018-01-09,6373.14,-0.001920005011432191
2018-01-10,6371.17,-0.00030910979517162485
2018-01-11,6386.34,0.002381038333618468
2018-01-12,6370.06,-0.0025491909293898773
2018-01-15,6382.19,0.0019042206823796093
2018-01-16,6429.69,0.007442586322249811
2018-01-17,6444.52,0.002306487560053583
2018-01-18,6472.67,0.00436805223662895
2018-01-19,6490.9,0.0028164575051716767
2018-01-22,6500.53,0.0014836155232711423
2018-01-23,6635.33,0.020736770694081974
2018-01-24,6615.49,-0.002990054752363469
2018-01-25,6615.33,-2.4185661228415256e-05
2018-01-26,6660.62,0.00684621931181062
2018-01-29,6680.62,0.003002723470187485
2018-01-30,6575.49,-0.015736563372860668
2018-01-31,6605.63,0.004583688820148923
2018-02-01,6598.46,-0.0010854377250920644
2018-02-02,6628.82,0.004601073583836213
2018-02-05,6589.68,-0.005904519959811783
2018-02-06,6478.54,-0.016865765864199855
2018-02-07,6534.87,0.008694860261725612
2018-02-08,6544.63,0.0014935262675463967
2018-02-09,6505.52,-0.00597589168524415
2018-02-12,6523.45,0.0027561209557420696
2018-02-13,6578.18,0.00838973242686003
2018-02-14,6594.4,0.002465727602467549
2018-02-15,6591.58,-0.0004276355695741474
2018-02-19,6689.29,0.014823456591591011
2018-02-20,6662.88,-0.0039481021154711415
2018-02-21,6643.4,-0.0029236606392432085
2018-02-22,6593.06,-0.00757744528404114
2018-02-23,6619.8,0.004055779865494991
2018-02-26,6554.67,-0.009838665820719683
2018-02-27,6598.93,0.0067524375750418475
2018-02-28,6597.22,-0.0002591329200339887
2018-03-01,6606.05,0.0013384425561069335
2018-03-02,6582.32,-0.003592161730535004
2018-03-05,6550.59,-0.004820488824608837
2018-03-06,6500.11,-0.007706176084902316
2018-03-07,6368.27,-0.020282733676814546
2018-03-08,6443.02,0.01173788171669865
2018-03-09,6433.32,-0.0015055051823524845
2018-03-12,6500.69,0.010472042429103379
2018-03-13,6412.85,-0.013512411759367016
2018-03-14,6382.62,-0.004713972726634874
2018-03-15,6321.9,-0.00951333464940729
2018-03-16,6304.95,-0.0026811559815878017
2018-03-19,6289.57,-0.0024393532066074863
2018-03-20,6243.58,-0.007312105597043983
2018-03-21,6312.83,0.011091393078970668
2018-03-22,6254.07,-0.009308028253572576
2018-03-23,6210.7,-0.006934684133692137
2018-03-26,6200.17,-0.0016954610591398689
2018-03-27,6209.35,0.0014806045640685106
2018-03-28,6140.84,-0.011033360979812779
2018-03-29,6188.99,0.007840946841148666
2018-04-02,6240.57,0.008334154684366935
2018-04-03,6229.01,-0.0018523948934151546
2018-04-04,6157.1,-0.011544370614270938
2018-04-05,6183.23,0.004243881047895748
2018-04-06,6175.05,-0.0013229331595298044
2018-04-09,6246.13,0.011510837968923271
2018-04-10,6325.82,0.012758299939322315
2018-04-11,6360.93,0.0055502685817807595
2018-04-12,6310.8,-0.007880923072569601
2018-04-13,6270.33,-0.006412816124738541
2018-04-16,6286.75,0.0026186819513487336
2018-04-17,6285.76,-0.00015747405257082736
2018-04-18,6320.01,0.005448824008552622
2018-04-19,6355.9,0.005678788482929464
2018-04-20,6337.69,-0.0028650545162761665
2018-04-23,6308.15,-0.004661004246026557
2018-04-24,6229.64,-0.012445804237375402
2018-04-25,6079.85,-0.024044728106279
2018-04-26,5909.2,-0.028068126680756977
2018-04-27,5919.24,0.001699045556082135
2018-04-30,5994.6,0.012731364161615355
2018-05-02,6012.24,0.0029426483835450767
2018-05-03,5858.73,-0.02553291285777015
2018-05-04,5792.35,-0.011330100550801858
2018-05-07,5885.1,0.0160124992446935
2018-05-08,5774.72,-0.018755841022242592
2018-05-09,5907.94,0.02306951679042446
2018-05-11,5956.83,0.008275304082302926
2018-05-14,5947.15,-0.0016250253910218282
2018-05-15,5838.12,-0.01833315117325096
2018-05-16,5841.46,0.0005721019780340342
2018-05-17,5815.92,-0.004372194622577208
2018-05-18,5783.31,-0.005607023480377893
2018-05-21,5733.85,-0.008552195887822078
2018-05-22,5751.12,0.003011937877691162
2018-05-23,5792.0,0.007108180667417807
2018-05-24,5946.54,0.02668162983425404
2018-05-25,5975.74,0.004910418495461144
2018-05-28,6068.32,0.015492641915478167
2018-05-30,6011.06,-0.009435889999208857
2018-05-31,5983.59,-0.004569909466882738
2018-06-04,6014.82,0.005219274716349087
2018-06-05,6088.79,0.01229795737860817
2018-06-06,6069.71,-0.003133627535191752
2018-06-07,6106.7,0.006094195604073205
2018-06-08,5993.63,-0.018515728625935424
2018-06-20,5884.04,-0.01828441195068764
2018-06-21,5822.33,-0.010487692129897197
2018-06-22,5821.81,-8.931132381706508e-05
2018-06-25,5859.08,0.00640178913430689
2018-06-26,5825.65,-0.005705673928330102
2018-06-27,5787.55,-0.006540042742011476
2018-06-28,5667.32,-0.02077390260127354
2018-06-29,5799.24,0.023277316262360292
2018-07-02,5746.77,-0.009047737289713753
2018-07-03,5633.94,-0.019633637678208915
2018-07-04,5733.64,0.01769631909463021
2018-07-05,5739.33,0.0009923887792047115
2018-07-06,5694.91,-0.007739579358566284
2018-07-09,5807.38,0.01974921464957302
2018-07-10,5881.76,0.012807841057413283
2018-07-11,5893.36,0.001972198797638658
2018-07-12,5907.87,0.0024620929317062945
2018-07-13,5944.07,0.006127419865366024
2018-07-16,5905.16,-0.006546019814706039
2018-07-17,5861.51,-0.007391840356569479
2018-07-18,5890.73,0.004985063575768001
2018-07-19,5871.08,-0.003335749559052914
2018-07-20,5872.78,0.000289554903016187
2018-07-23,5915.8,0.0073253212277661905
2018-07-24,5931.84,0.0027113830758307422
2018-07-25,5933.89,0.0003455925985866859
2018-07-26,5946.14,0.002064413057875969
2018-07-27,5989.14,0.007231582169272777
2018-07-30,6027.94,0.006478392557195178
2018-07-31,5936.44,-0.015179314989863912
2018-08-01,6033.42,0.016336390159759073
2018-08-02,6011.72,-0.0035966334185254523
2018-08-03,6007.54,-0.0006953084974017365
2018-08-06,6101.13,0.015578756029922314
2018-08-07,6091.25,-0.0016193721490936897
2018-08-08,6094.83,0.0005877282987891697
2018-08-09,6065.26,-0.004851652958326902
2018-08-10,6077.17,0.0019636421192166242
2018-08-13,5861.25,-0.03552969556553465
2018-08-14,5769.87,-0.015590531030070354
2018-08-15,5816.59,0.008097236159566812
2018-08-16,5783.8,-0.005637323586500043
2018-08-20,5892.19,0.018740274559977843
2018-08-21,5944.3,0.00884391032875742
2018-08-23,5982.98,0.006507074003667235
2018-08-24,5968.75,-0.0023784134327708983
2018-08-27,6025.97,0.00958659685863883
2018-08-28,6042.65,0.002768019090702234
2018-08-29,6065.15,0.0037235318941193363
2018-08-30,6018.96,-0.007615640173779692
2018-08-31,6018.46,-8.307082951208855e-05
2018-09-03,5967.58,-0.008453989891101688
2018-09-04,5905.3,-0.010436391300996384
2018-09-05,5683.5,-0.037559480466699435
2018-09-06,5776.1,0.016292777337908015
2018-09-07,5851.47,0.013048596804071888
2018-09-10,5831.12,-0.0034777585803226208
2018-09-12,5798.15,-0.005654145344290651
2018-09-13,5858.27,0.010368824538861565
2018-09-14,5931.28,0.012462723636841533
2018-09-17,5824.26,-0.01804332285779786
2018-09-18,5811.79,-0.002141044527545155
2018-09-19,5873.6,0.010635277599500448
2018-09-20,5931.27,0.009818509942794984
2018-09-21,5957.74,0.004462787902084875
2018-09-24,5882.22,-0.012675947590864878
2018-09-25,5874.3,-0.001346430429327694
2018-09-26,5873.27,-0.00017534004051544816
2018-09-27,5929.22,0.009526209419965292
2018-09-28,5976.55,0.007982500227685874
2018-10-01,5944.6,-0.005345893533894919
2018-10-02,5875.62,-0.011603808498469315
2018-10-03,5867.74,-0.0013411350631933328
2018-10-04,5756.62,-0.018937444399376946
2018-10-05,5731.94,-0.004287237997297022
2018-10-08,5761.07,0.005082049009584866
2018-10-09,5796.79,0.006200237108731521
2018-10-10,5820.67,0.004119521321283015
2018-10-11,5702.82,-0.02024681007512885
2018-10-12,5756.49,0.009411133439245933
2018-10-15,5727.26,-0.005077747029874069
2018-10-16,5800.82,0.012843838065671909
2018-10-17,5868.62,0.011688002730648517
2018-10-18,5845.24,-0.003983900814842345
2018-10-19,5837.29,-0.0013600810231915172
2018-10-22,5840.44,0.000539633973984488
2018-10-23,5797.89,-0.007285410003355808
2018-10-24,5709.42,-0.015258999394607398
2018-10-25,5754.97,0.007978043303873195
2018-10-26,5784.92,0.005204197415451306
2018-10-29,5754.61,-0.005239484729261612
2018-10-30,5789.1,0.005993455681618798
2018-10-31,5831.65,0.007350019864918345
2018-11-01,5835.92,0.0007322112952594662
2018-11-02,5906.29,0.012058081673497867
2018-11-05,5920.59,0.0024211476239737184
2018-11-06,5923.93,0.0005641329664780592
2018-11-07,5939.89,0.0026941574258980694
2018-11-08,5976.81,0.0062156033192533044
2018-11-09,5874.15,-0.017176386734729876
2018-11-12,5777.05,-0.016530051156337433
2018-11-13,5835.2,0.010065690966842844
2018-11-14,5858.29,0.003957019468056044
2018-11-15,5955.74,0.016634546941172168
2018-11-16,6012.35,0.009505116072897835
2018-11-19,6005.3,-0.0011725864262726038
2018-11-21,5948.05,-0.009533245633024157
2018-11-22,5990.81,0.007188910651390046
2018-11-23,6006.2,0.002568934751727925
2018-11-26,6022.78,0.0027604808364689593
2018-11-27,6013.59,-0.001525873433862679
2018-11-28,5991.25,-0.003714919041703846
2018-11-29,6107.17,0.01934821614855009
2018-11-30,6056.12,-0.008359027176253475
2018-12-03,6118.32,0.01027060229982224
2018-12-04,6152.86,0.005645340551000855
2018-12-05,6133.12,-0.0032082641243258436
2018-12-06,6115.49,-0.002874556506313297
2018-12-07,6126.36,0.0017774536463963653
2018-12-10,6111.36,-0.00244843593912214
2018-12-11,6076.59,-0.005689404649701468
2018-12-12,6115.58,0.006416427634577948
2018-12-13,6177.72,0.010160933223014146
2018-12-14,6169.84,-0.0012755514979636562
2018-12-17,6089.31,-0.013052202326154339
2018-12-18,6081.87,-0.0012218133088971461
2018-12-19,6176.09,0.015491945733795642
2018-12-20,6147.88,-0.004567614785406349
2018-12-21,6163.6,0.002556978991131942
2018-12-26,6127.85,-0.005800181711986485
2018-12-27,6190.64,0.010246660737452729
2018-12-28,6194.5,0.0006235219621879562
2019-01-02,6181.18,-0.0021502946161917613
2019-01-03,6221.01,0.006443753458077461
2019-01-04,6274.54,0.008604712096588862
2019-01-07,6287.22,0.0020208652745858924
2019-01-08,6262.85,-0.0038761169483492175
2019-01-09,6272.24,0.0014993174034185763
2019-01-10,6328.71,0.009003163144267523
2019-01-11,6361.47,0.00517641035850902
2019-01-14,6336.12,-0.003984928011921851
2019-01-15,6408.78,0.011467585841177241
2019-01-16,6413.36,0.0007146445969434811
2019-01-17,6423.78,0.0016247333690919685
2019-01-18,6448.16,0.0037952731880606105
2019-01-21,6450.83,0.00041407161112627655
2019-01-22,6468.56,0.002748483528476342
2019-01-23,6451.17,-0.0026883881420285416
2019-01-24,6466.65,0.0023995647301187084
2019-01-25,6482.84,0.002503614700037904
2019-01-28,6458.71,-0.003722134126401433
2019-01-29,6436.48,-0.0034418637777513528
2019-01-30,6464.19,0.004305148155513638
2019-01-31,6532.97,0.01064015754487424
2019-02-01,6538.64,0.0008679054090252603
2019-02-04,6481.45,-0.008746467155249515
2019-02-06,6547.88,0.010249249782070313
2019-02-07,6536.46,-0.0017440759451914367
2019-02-08,6521.66,-0.002264222530238058
2019-02-11,6495.0,-0.00408791626671734
2019-02-12,6426.32,-0.0105742879137799
2019-02-13,6419.12,-0.0011203923863112308
2019-02-14,6420.02,0.00014020613417420336
2019-02-15,6389.09,-0.00481774200080376
2019-02-18,6497.81,0.01701650782818831
2019-02-19,6494.67,-0.0004832397376962616
2019-02-20,6512.78,0.0027884403672548963
2019-02-21,6537.77,0.003837071112489765
2019-02-22,6501.38,-0.005566118110609586
2019-02-25,6525.36,0.0036884476834149194
2019-02-26,6540.95,0.0023891402160187702
2019-02-27,6525.68,-0.002334523272613187
2019-02-28,6443.35,-0.012616309717914498
2019-03-01,6499.88,0.00877338651477877
2019-03-04,6488.42,-0.0017631094727902363
2019-03-05,6441.28,-0.007265251016426277
2019-03-06,6457.96,0.0025895474191466317
2019-03-08,6383.07,-0.01159654132264687
2019-03-11,6366.43,-0.002606896054719643
2019-03-12,6353.77,-0.0019885555955221346
2019-03-13,6377.57,0.0037458076071370527
2019-03-14,6413.27,0.005597743341115846
2019-03-15,6461.18,0.00747044799298946
2019-03-18,6509.45,0.007470771592804848
2019-03-19,6480.28,-0.00448117736521525
2019-03-20,6482.71,0.0003749837969964087
2019-03-21,6501.78,0.0029416709987026834
2019-03-22,6525.27,0.003612856786910701
2019-03-25,6411.25,-0.017473606456131385
2019-03-26,6470.0,0.009163579645155018
2019-03-27,6444.74,-0.003904173106646147
2019-03-28,6480.79,0.005593708978174572
2019-03-29,6468.76,-0.0018562551787667525
2019-04-01,6452.61,-0.002496614497987326
2019-04-02,6476.07,0.0036357380966771657
2019-04-04,6494.63,0.0028659356677738224
2019-04-05,6474.02,-0.0031733909398995452
2019-04-08,6425.73,-0.007459043994303527
2019-04-09,6484.35,0.009122698899580506
2019-04-10,6478.33,-0.0009283891215002837
2019-04-11,6410.17,-0.010521230008350924
2019-04-12,6405.87,-0.0006708090425059376
2019-04-15,6435.15,0.004570807712301228
2019-04-16,6481.54,0.007208845170664224
2019-04-18,6507.22,0.003962021371464175
2019-04-22,6414.74,-0.014211906159619647
2019-04-23,6462.82,0.007495237531061294
2019-04-24,6447.89,-0.0023101370609114324
2019-04-25,6372.79,-0.011647221028894816
2019-04-26,6401.08,0.0044391859766288455
2019-04-29,6425.9,0.0038774706768232026
2019-04-30,6455.35,0.004583015608708552
2019-05-02,6374.42,-0.01253688800762165
2019-05-03,6319.46,-0.008621960899972136
2019-05-06,6256.35,-0.00998661278020585
2019-05-07,6297.32,0.00654854667657645
2019-05-08,6270.2,-0.004306593916142076
2019-05-09,6198.8,-0.011387196580651238
2019-05-10,6209.12,0.0016648383558106605
2019-05-13,6135.4,-0.011872857989537966
2019-05-14,6071.2,-0.010463865436646347
2019-05-15,5980.89,-0.01487514824087488
2019-05-16,5895.74,-0.014237011548448586
2019-05-17,5826.87,-0.011681315661816849
2019-05-20,5907.12,0.013772402679311568
2019-05-21,5951.37,0.007490960061756091
2019-05-22,5939.64,-0.001970974750351573
2019-05-23,6032.7,0.01566761621916468
2019-05-24,6057.35,0.004086064282991186
2019-05-27,6098.97,0.006870991440151242
2019-05-28,6033.14,-0.010793625808948049
2019-05-29,6104.11,0.011763360372873732
2019-05-31,6209.12,0.01720316311468828
2019-06-10,6289.61,0.012963189630736727
2019-06-11,6305.99,0.002604295019881908
2019-06-12,6276.18,-0.004727251391137499
2019-06-13,6273.08,-0.0004939310217362269
2019-06-14,6250.27,-0.003636172342772581
2019-06-17,6190.52,-0.009559587025840477
2019-06-18,6257.33,0.010792308239049309
2019-06-19,6339.26,0.013093444008866362
2019-06-20,6335.7,-0.0005615797427460656
2019-06-21,6315.44,-0.003197752418833022
2019-06-24,6288.47,-0.004270486300241849
2019-06-25,6320.44,0.005083907532356768
2019-06-26,6310.49,-0.001574257488402675
2019-06-27,6352.71,0.006690447176051384
2019-06-28,6358.63,0.0009318857621394283
2019-07-01,6379.69,0.0033120341960453104
2019-07-02,6384.9,0.0008166541007479378
2019-07-03,6362.62,-0.003489482998950577
2019-07-04,6375.97,0.0020981922541343234
2019-07-05,6373.48,-0.00039052881365508885
2019-07-08,6351.83,-0.003396888356125616
2019-07-09,6388.32,0.005744801104563546
2019-07-10,6410.68,0.0035001377513963483
2019-07-11,6417.07,0.0009967741331651236
2019-07-12,6373.35,-0.006813078242874027
2019-07-15,6418.23,0.007041822589376023
2019-07-16,6401.88,-0.0025474313011530914
2019-07-17,6394.61,-0.0011356039163495923
2019-07-18,6403.29,0.0013573931795685112
2019-07-19,6456.54,0.008316037536953758
2019-07-22,6433.55,-0.0035607306699873
2019-07-23,6403.81,-0.0046226422426187685
2019-07-24,6384.99,-0.002938875450708367
2019-07-25,6401.36,0.002563825471927128
2019-07-26,6325.24,-0.011891223115088057
2019-07-29,6299.03,-0.004143716285864296
2019-07-30,6377.0,0.01237809631006681
2019-07-31,6390.51,0.002118551042810113
2019-08-01,6381.54,-0.001403643840632518
2019-08-02,6340.18,-0.006481194194504769
2019-08-05,6175.7,-0.025942481128296113
2019-08-06,6119.47,-0.009105040724128322
2019-08-07,6204.19,0.013844336192513351
2019-08-08,6274.67,0.011360064730448372
2019-08-09,6282.13,0.0011889071457145128
2019-08-12,6250.6,-0.00501899833336783
2019-08-13,6210.96,-0.006341791188046009
2019-08-14,6267.34,0.00907750170666044
2019-08-15,6257.59,-0.0015556839105584919
2019-08-16,6286.66,0.004645558433837849
2019-08-19,6296.72,0.0016002137860167132
2019-08-20,6295.74,-0.00015563658539696767
2019-08-21,6252.97,-0.006793482577107657
2019-08-22,6239.24,-0.002195756576474972
2019-08-23,6255.6,0.0026221142318616497
2019-08-26,6214.51,-0.006568514610908682
2019-08-27,6278.17,0.010243768213423099
2019-08-28,6281.65,0.0005543016515958676
2019-08-29,6289.12,0.0011891780025949927
2019-08-30,6328.47,0.0062568372045692655
2019-09-02,6290.55,-0.005991969622989424
2019-09-03,6261.59,-0.004603730993315347
2019-09-04,6269.66,0.001288810030679155
2019-09-05,6306.8,0.005923766201038072
2019-09-06,6308.95,0.0003409018836810773
2019-09-09,6326.21,0.0027357959723883774
2019-09-10,6336.67,0.0016534386307125448
2019-09-11,6381.95,0.00714570902382472
2019-09-12,6342.17,-0.006233204584805585
2019-09-13,6334.84,-0.0011557558375130395
2019-09-16,6219.44,-0.018216718970013535
2019-09-17,6236.69,0.0027735616068327307
2019-09-18,6276.63,0.00640403803940881
2019-09-19,6244.47,-0.00512376864655073
2019-09-20,6231.47,-0.002081842013813784
2019-09-23,6206.2,-0.0040552229249278815
2019-09-24,6137.61,-0.011051851374432098
2019-09-25,6146.4,0.001432153558143856
2019-09-26,6230.33,0.01365514772875187
2019-09-27,6196.89,-0.0053672919411972275
2019-09-30,6169.1,-0.004484507551368533
2019-10-01,6138.25,-0.005000729441896001
2019-10-02,6055.43,-0.013492444915081614
2019-10-03,6038.53,-0.0027908835540995103
2019-10-04,6061.25,0.00376250511299947
2019-10-07,6000.58,-0.010009486492060238
2019-10-08,6039.6,0.006502704738541976
2019-10-09,6029.16,-0.0017285912974369655
2019-10-10,6023.64,-0.0009155504249347413
2019-10-11,6105.8,0.01363959333559106
2019-10-14,6126.88,0.003452455042746161
2019-10-15,6158.17,0.0051070038910505655
2019-10-16,6169.59,0.0018544470191632634
2019-10-17,6181.01,0.0018510144110062132
2019-10-18,6191.95,0.0017699372756232457
2019-10-21,6198.99,0.0011369600852719763
2019-10-22,6225.5,0.0042765031077642846
2019-10-23,6257.81,0.005189944582764561
2019-10-24,6339.65,0.013078057659148934
2019-10-25,6252.35,-0.013770476288123001
2019-10-28,6265.38,0.002084016409829914
2019-10-29,6281.14,0.002515410078878011
2019-10-30,6295.75,0.002326010883374696
2019-10-31,6228.32,-0.01071039987293021
2019-11-01,6207.19,-0.0033925681403653707
2019-11-04,6180.34,-0.004325628827214767
2019-11-05,6264.15,0.013560742612865884
2019-11-06,6217.55,-0.0074391577468609915
2019-11-07,6165.62,-0.008352164437760878
2019-11-08,6177.99,0.0020062864724066376
2019-11-11,6148.74,-0.004734549586515979
2019-11-12,6180.99,0.005244977019682073
2019-11-13,6142.5,-0.006227157785403281
2019-11-14,6098.95,-0.007089947089947146
2019-11-15,6128.35,0.004820501889669648
2019-11-18,6122.62,-0.0009349988169736756
2019-11-19,6152.09,0.0048132988818512246
2019-11-20,6155.11,0.0004908900877587108
2019-11-21,6117.36,-0.006133115411422363
2019-11-22,6100.24,-0.00279859285704942
2019-11-25,6070.76,-0.0048325967502916845
2019-11-26,6026.19,-0.00734174963266554
2019-11-27,6023.04,-0.0005227183344699293
2019-11-28,5953.06,-0.01161871745829346
2019-11-29,6011.83,0.009872233775570782
2019-12-02,6130.06,0.019666224760181317
2019-12-03,6133.9,0.0006264212748323672
2019-12-04,6112.88,-0.0034268573012274928
2019-12-05,6152.12,0.0064192328329690795
2019-12-06,6186.87,0.005648459392859628
2019-12-09,6193.79,0.0011184977217881809
2019-12-10,6183.51,-0.0016597269200279152
2019-12-11,6180.1,-0.0005514667235921866
2019-12-12,6139.4,-0.0065856539538196035
2019-12-13,6197.32,0.00943414665928266
2019-12-16,6211.59,0.0023026082242001422
2019-12-17,6244.35,0.005274011967950187
2019-12-18,6287.25,0.006870210670446131
2019-12-19,6249.93,-0.0059358224979123575
2019-12-20,6284.37,0.005510461717171067
2019-12-23,6305.91,0.00342755121038385
2019-12-26,6319.44,0.0021456062645992535
2019-12-27,6329.31,0.001561847252288251
2019-12-30,6299.54,-0.004703514285127497
2020-01-02,6283.58,-0.0025335183203852862
2020-01-03,6323.47,0.006348291897294356
2020-01-06,6257.4,-0.010448377235916406
2020-01-07,6279.35,0.0035078467094959986
2020-01-08,6225.69,-0.008545470470669891
2020-01-09,6274.49,0.007838488585200976
2020-01-10,6274.94,7.171897636304436e-05
2020-01-13,6296.57,0.0034470449119832214
2020-01-14,6325.41,0.004580271481139819
2020-01-15,6283.36,-0.006647790419909594
2020-01-16,6286.05,0.000428114893942233
2020-01-17,6291.66,0.0008924523349320701
2020-01-20,6245.04,-0.007409809175956683
2020-01-21,6238.15,-0.0011032755594840848
2020-01-22,6233.45,-0.0007534285004368035
2020-01-23,6249.21,0.0025282949249614273
2020-01-24,6244.11,-0.0008161031554388964
2020-01-27,6133.21,-0.017760737719226594
2020-01-28,6111.18,-0.003591920054914155
2020-01-29,6113.05,0.00030599655058427544
2020-01-30,6057.6,-0.00907075845936145
2020-01-31,5940.05,-0.019405375066032793
2020-02-03,5884.17,-0.009407328221142985
2020-02-04,5922.34,0.006486896197764436
2020-02-05,5978.51,0.009484426763745502
2020-02-06,5987.15,0.0014451761392051399
2020-02-07,5999.61,0.0020811237400097937
2020-02-10,5952.08,-0.007922181608471135
2020-02-11,5954.4,0.00038977970726206124
2020-02-12,5913.08,-0.006939406153432692
2020-02-13,5871.95,-0.006955765861446195
2020-02-14,5866.94,-0.0008532088999395615
2020-02-17,5867.52,9.885903043160837e-05
2020-02-18,5886.96,0.0033131544502618127
2020-02-19,5928.79,0.007105534945031078
2020-02-20,5942.49,0.0023107581816863565
2020-02-21,5882.26,-0.01013548192760938
2020-02-24,5807.05,-0.012785902017251827
2020-02-25,5787.14,-0.0034285911090828902
2020-02-26,5688.92,-0.016972114032147156
2020-02-27,5535.69,-0.026934813637737975
2020-02-28,5452.7,-0.014991807705995064
2020-03-02,5361.25,-0.01677150769343627
2020-03-03,5518.63,0.029355094427605533
2020-03-04,5650.14,0.02383018973911999
2020-03-05,5638.13,-0.0021256110468059752
2020-03-06,5498.54,-0.024758208838746243
2020-03-09,5136.81,-0.06578655424894597
2020-03-10,5220.83,0.0163564546868582
2020-03-11,5154.1,-0.012781492597920163
2020-03-12,4895.75,-0.050125143089967295
2020-03-13,4907.57,0.0024143389674717852
2020-03-16,4690.66,-0.044199063895166035
2020-03-17,4456.75,-0.049867182869787974
2020-03-18,4330.67,-0.028289672967969914
2020-03-19,4105.42,-0.05201273705916176
2020-03-20,4194.94,0.021805320771078218
2020-03-23,3989.52,-0.048968519216007755
2020-03-24,3937.63,-0.01300657723234877
2020-03-26,4338.9,0.10190647673854558
2020-03-27,4545.57,0.047631888266611355
2020-03-30,4414.5,-0.028834667599442865
2020-03-31,4538.93,0.028186657605618004
2020-04-01,4466.04,-0.016058850874545394
2020-04-02,4531.69,0.01469982355733479
2020-04-03,4623.43,0.020244103193290064
2020-04-06,4811.83,0.040748967757703536
2020-04-07,4778.64,-0.006897583663595719
2020-04-08,4626.69,-0.031797749987444224
2020-04-09,4649.08,0.0048393127700365746
2020-04-13,4623.89,-0.005418276304128944
2020-04-14,4706.49,0.01786374675868152
2020-04-15,4625.9,-0.017123163971452193
2020-04-16,4480.61,-0.03140794223826715
2020-04-17,4634.82,0.03441718873099875
2020-04-20,4575.9,-0.0127124677981022
2020-04-21,4501.92,-0.016167311348587066
2020-04-22,4567.56,0.014580445676511511
2020-04-23,4593.55,0.00569012777062583
2020-04-24,4496.06,-0.021223236930043132
2020-04-27,4513.14,0.003798881687521849
2020-04-28,4529.55,0.0036360494024116896
2020-04-29,4567.32,0.008338576679802534
2020-04-30,4716.4,0.03264058572642159
2020-05-04,4605.49,-0.02351581714867268
2020-05-05,4630.13,0.005350136467563882
2020-05-06,4608.79,-0.004608941865563154
2020-05-08,4597.43,-0.0024648552006056867
2020-05-11,4639.1,0.00906375953521854
2020-05-12,4588.73,-0.010857709469509369
2020-05-13,4554.36,-0.007490089850568649
2020-05-14,4513.83,-0.008899164756409172
2020-05-15,4507.61,-0.0013779872082023692
2020-05-18,4511.06,0.0007653723370035781
2020-05-19,4548.66,0.00833506980620946
2020-05-20,4545.95,-0.0005957798560455307
2020-05-26,4626.8,0.017785061428304383
2020-05-27,4641.56,0.0031901097951068103
2020-05-28,4716.19,0.01607864597247466
2020-05-29,4753.61,0.007934370752662678
2020-06-02,4847.51,0.019753408462200417
2020-06-03,4941.01,0.01928825314439786
2020-06-04,4916.7,-0.004920046711097581
2020-06-05,4947.78,0.006321313075843493
2020-06-08,5070.56,0.024815169631632994
2020-06-09,5035.06,-0.007001199078602749
2020-06-10,4920.68,-0.022716710426489484
2020-06-11,4854.75,-0.013398554671305685
2020-06-12,4880.36,0.005275245893197278
2020-06-15,4816.34,-0.01311788474620712
2020-06-16,4986.46,0.035321426643467824
2020-06-17,4987.78,0.00026471685323858907
2020-06-18,4925.25,-0.012536639547052975
2020-06-19,4942.27,0.0034556621491295125
2020-06-22,4918.83,-0.004742759905873362
2020-06-23,4879.13,-0.008071025020177536
2020-06-24,4964.73,0.017544111347719715
2020-06-25,4896.73,-0.01369661592876148
2020-06-26,4904.09,0.0015030438680507796
2020-06-29,4901.82,-0.0004628789439020675
2020-06-30,4905.39,0.0007283009168024268
2020-07-01,4914.39,0.0018347165057213122
2020-07-02,4966.78,0.010660529587598777
2020-07-03,4973.79,0.0014113771900507999
2020-07-06,4988.87,0.003031893184070933
2020-07-07,4987.08,-0.0003587986858747394
2020-07-08,5076.17,0.017864160992003386
2020-07-09,5052.79,-0.004605834713967472
2020-07-10,5031.26,-0.004261012232845585
2020-07-13,5064.45,0.006596757074768478
2020-07-14,5079.12,0.002896662026478758
2020-07-15,5075.8,-0.0006536565389279048
2020-07-16,5098.37,0.0044465897001457755
2020-07-17,5079.59,-0.0036835302263271696
2020-07-20,5051.11,-0.005606751726025205
2020-07-21,5114.71,0.012591291815066574
2020-07-22,5110.19,-0.000883725568018634
2020-07-23,5145.01,0.0068138366675212225
2020-07-24,5082.99,-0.01205439833936195
2020-07-27,5116.67,0.006626021298487661
2020-07-28,5112.99,-0.0007192177724966164
2020-07-29,5111.11,-0.0003676909205768686
2020-07-30,5149.63,0.0075365233775051
2020-08-03,5006.22,-0.027848602715146442
2020-08-04,5075.0,0.013738908797455984
2020-08-05,5127.05,0.010256157635468055
2020-08-06,5178.27,0.009990150281350862
2020-08-07,5143.89,-0.006639283003783136
2020-08-10,5157.83,0.0027100112949538513
2020-08-11,5190.17,0.006270078695885806
2020-08-12,5233.45,0.008338840538941739
2020-08-13,5239.25,0.0011082555484431822
2020-08-14,5247.69,0.001610917593166894
2020-08-18,5295.17,0.00904779055165239
2020-08-19,5272.81,-0.004222716173418406
2020-08-24,5277.04,0.0008022287926170435
2020-08-25,5338.89,0.011720585782938997
2020-08-26,5340.33,0.00026971898653083137
2020-08-27,5371.47,0.005831100325260907
2020-08-28,5346.66,-0.004618847354634803
2020-08-31,5238.49,-0.020231321984191974
2020-09-01,5310.68,0.013780688709914557
2020-09-02,5311.97,0.00024290674640536913
2020-09-03,5280.81,-0.005865996984169675
2020-09-04,5239.85,-0.007756385857472625
2020-09-07,5230.2,-0.0018416557725889904
2020-09-08,5244.07,0.0026519062368550728
2020-09-09,5149.38,-0.018056585819792526
2020-09-10,4891.46,-0.0500875833595501
2020-09-11,5016.71,0.02560585183155939
2020-09-14,5161.83,0.028927324880250183
2020-09-15,5100.86,-0.011811702438863758
2020-09-16,5058.48,-0.008308402896766487
2020-09-17,5038.4,-0.003969571887207257
2020-09-18,5059.22,0.00413226421086077
2020-09-21,4999.36,-0.011831863409774712
2020-09-22,4934.09,-0.013055671125904
2020-09-23,4917.95,-0.003271119902555575
2020-09-24,4842.76,-0.015288890696326662
2020-09-25,4945.79,0.021275058024762705
2020-09-28,4906.55,-0.007934020651907958
2020-09-29,4879.1,-0.0055945623707085446
2020-09-30,4870.04,-0.0018568998380850132
2020-10-01,4970.09,0.020543979104894472
2020-10-02,4926.73,-0.008724188093173435
2020-10-05,4958.77,0.006503299348655345
2020-10-06,4999.22,0.008157264805586761
2020-10-07,5004.33,0.0010221594568751158
2020-10-08,5039.14,0.006955976124676022
2020-10-09,5053.66,0.00288144405593016
2020-10-12,5093.1,0.007804244844330732
2020-10-13,5132.57,0.00774970057528801
2020-10-14,5176.1,0.008481131285106747
2020-10-15,5105.15,-0.013707231313150992
2020-10-16,5103.41,-0.00034083229679826577
2020-10-19,5126.33,0.00449111476444175
2020-10-20,5099.84,-0.005167439474243696
2020-10-21,5096.45,-0.0006647267365251786
2020-10-22,5091.82,-0.0009084755074610928
2020-10-23,5112.19,0.004000534190132354
2020-10-26,5144.05,0.00623216273260585
2020-10-27,5128.23,-0.003075397789679468
2020-11-02,5115.13,-0.0025544876107349568
2020-11-03,5159.45,0.008664491420550258
2020-11-04,5105.2,-0.010514686642956184
2020-11-05,5260.33,0.030386664577293665
2020-11-06,5335.53,0.01429568106943857
2020-11-09,5356.01,0.003838419051153341
2020-11-10,5462.74,0.01992714726074074
2020-11-11,5509.51,0.008561637566496083
2020-11-12,5458.6,-0.009240386168642867
2020-11-13,5461.06,0.00045066500567902956
2020-11-16,5494.87,0.006191105756025328
2020-11-17,5529.94,0.006382316597116855
2020-11-18,5557.52,0.004987395884946455
2020-11-19,5594.06,0.00657487512415611
2020-11-20,5571.66,-0.004004247362380919
2020-11-23,5652.76,0.014555805630638075
2020-11-24,5701.03,0.00853919147460691
2020-11-25,5679.25,-0.003820362285411494
2020-11-26,5759.92,0.014204340361843482
2020-11-27,5783.34,0.004066028694843071
2020-11-30,5612.41,-0.029555585526702566
2020-12-01,5724.74,0.02001457484396174
2020-12-02,5813.99,0.015590227678462298
2020-12-03,5822.94,0.0015393903326286207
2020-12-04,5810.48,-0.002139812534561636
2020-12-07,5930.76,0.02070052732304406
2020-12-08,5944.41,0.0023015600024278715
2020-12-10,5933.7,-0.001801692682705247
2020-12-11,5938.33,0.000780288858553746
2020-12-14,6012.52,0.012493411447326297
2020-12-15,6010.13,-0.00039750387524706277
2020-12-16,6118.4,0.018014585375025094
2020-12-17,6113.38,-0.0008204759414225382
2020-12-18,6104.32,-0.0014819952301345918
2020-12-21,6165.62,0.010042068567833962
2020-12-22,6023.29,-0.02308445865946973
2020-12-23,6008.71,-0.002420604022054351
2020-12-28,6093.55,0.014119503187872251
2020-12-29,6036.17,-0.009416514183029578
2020-12-30,5979.07,-0.009459640798718416
2021-01-04,6104.9,0.021045078916955395
2021-01-05,6137.34,0.005313764353224615
2021-01-06,6065.68,-0.011676068133751771
2021-01-07,6153.63,0.01449961092573293
2021-01-08,6257.84,0.016934719832034206
2021-01-11,6382.94,0.019990923385704962
2021-01-12,6395.67,0.0019943787658980305
2021-01-13,6435.2,0.006180744159720586
2021-01-14,6428.31,-0.001070673794132171
2021-01-15,6373.41,-0.00854034730745723
2021-01-18,6389.83,0.0025763288412326
2021-01-19,6321.86,-0.010637215700574187
2021-01-20,6429.76,0.01706776170304325
2021-01-21,6413.89,-0.0024682103220026175
2021-01-22,6307.13,-0.01664512487741454
2021-01-25,6258.57,-0.007699222942923356
2021-01-26,6140.17,-0.018918059556735756
2021-01-27,6109.17,-0.005048720149442132
2021-01-28,5979.39,-0.021243474972868603
2021-01-29,5862.35,-0.019573903023552552
2021-02-01,6067.55,0.03500302779602027
2021-02-02,6043.84,-0.003907672783907801
2021-02-03,6077.74,0.005609016784031251
2021-02-04,6107.22,0.0048504871876717814
2021-02-05,6151.73,0.0072880950743545725
2021-02-08,6208.87,0.009288444063702439
2021-02-09,6181.67,-0.004380829361864569
2021-02-10,6201.83,0.0032612546447803314
2021-02-11,6222.52,0.0033361120830466273
2021-02-15,6270.32,0.007681775229328114
2021-02-16,6292.4,0.003521351382385518
2021-02-17,6227.73,-0.010277477592015805
2021-02-18,6200.31,-0.004402888371846436
2021-02-19,6231.93,0.005099745012749235
2021-02-22,6255.31,0.0037516467611158344
2021-02-23,6272.81,0.0027976231393807005
2021-02-24,6251.05,-0.003468939757461209
2021-02-25,6289.65,0.006174962606282142
2021-02-26,6241.8,-0.00760773651952007
2021-03-01,6338.51,0.015493928033579962
2021-03-02,6359.2,0.0032641740724554946
2021-03-03,6376.76,0.002761353629387342
2021-03-04,6290.8,-0.013480199976163454
2021-03-05,6258.75,-0.00509474152730971
2021-03-08,6248.47,-0.0016425004993009251
2021-03-09,6199.65,-0.007813112649976861
2021-03-10,6264.68,0.010489301815425067
2021-03-12,6358.21,0.01492973304302847
2021-03-15,6324.26,-0.005339553113218987
2021-03-16,6309.7,-0.002302245638224898
2021-03-17,6277.23,-0.005146044978366682
2021-03-18,6347.83,0.011246999074432606
2021-03-19,6356.16,0.001312259465045429
2021-03-22,6301.13,-0.008657743039822696
2021-03-23,6252.71,-0.0076843359841806125
2021-03-24,6156.14,-0.015444503263384979
2021-03-25,6122.88,-0.005402736130107555
2021-03-26,6195.56,0.011870231002404141
2021-03-29,6166.82,-0.00463880585451526
2021-03-30,6071.44,-0.015466642451052559
2021-03-31,5985.52,-0.014151502773641744
2021-04-01,6011.46,0.004333792218554011
2021-04-05,5970.29,-0.006848585867659462
2021-04-06,6002.77,0.005440271745593694
2021-04-07,6036.62,0.005639063299110125
2021-04-08,6071.72,0.005814512094516555
2021-04-09,6070.21,-0.00024869394504356546
2021-04-12,5948.57,-0.020038845443567932
2021-04-13,5927.44,-0.0035521142055989774
2021-04-14,6050.28,0.020723955029489982
2021-04-15,6079.5,0.0048295285507446994
2021-04-16,6086.26,0.0011119335471667657
2021-04-19,6052.54,-0.005540348259850947
2021-04-20,6038.32,-0.0023494268521976336
2021-04-21,5993.24,-0.007465652698101399
2021-04-22,5994.18,0.00015684337687127403
2021-04-23,6016.86,0.003783670160055097
2021-04-26,5964.82,-0.008649029560268917
2021-04-27,5959.62,-0.0008717781928038182
2021-04-28,5974.48,0.002493447568804763
2021-04-29,6012.96,0.006440727895984377
2021-04-30,5995.62,-0.0028837710545223105
2021-05-03,5952.6,-0.007175237923684241
2021-05-04,5963.82,0.0018848906360244833
2021-05-05,5975.91,0.002027224161694985
2021-05-06,5970.24,-0.0009488094700221827
2021-05-07,5928.31,-0.007023168247842548
2021-05-10,5975.79,0.00800902786797586
2021-05-11,5938.35,-0.0062652804064399215
2021-05-17,5833.86,-0.01759579681224599
2021-05-18,5834.39,9.084894049582459e-05
2021-05-19,5760.58,-0.012650851245803008
2021-05-20,5797.6,0.00642643622690775
2021-05-21,5773.12,-0.004222436870429225
2021-05-24,5763.63,-0.001643825175987934
2021-05-25,5815.84,0.00905852735168633
2021-05-27,5841.83,0.004468829954056508
2021-05-28,5848.62,0.001162307016808084
2021-05-31,5947.46,0.016899713094713054
2021-06-02,6031.58,0.014143853006157281
2021-06-03,6091.51,0.009936036660377567
2021-06-04,6065.17,-0.004324051015265562
2021-06-07,6069.94,0.0007864577579852483
2021-06-08,5999.37,-0.011626144574740427
2021-06-09,6047.48,0.008019175346744678
2021-06-10,6107.54,0.009931409446579442
2021-06-11,6095.5,-0.00197133379396619
2021-06-14,6080.38,-0.002480518415224342
2021-06-15,6089.04,0.001424253089445049
2021-06-16,6078.57,-0.001719482874147693
2021-06-17,6068.45,-0.0016648652561375155
2021-06-18,6007.12,-0.010106369830846451
2021-06-21,5996.25,-0.0018095193703471235
2021-06-22,6087.84,0.015274546591619753
2021-06-23,6034.54,-0.008755157822807447
2021-06-24,6012.06,-0.0037252218064673936
2021-06-25,6022.4,0.0017198763818058183
2021-06-28,5939.47,-0.013770257704569522
2021-06-29,5949.05,0.001612938528185115
2021-06-30,5985.49,0.00612534774459772
2021-07-01,6005.96,0.003419937214831137
2021-07-02,6023.01,0.002838846745566004
2021-07-05,6005.61,-0.002888920988011079
2021-07-06,6047.11,0.006910205624407917
2021-07-07,6044.04,-0.0005076805283845687
2021-07-08,6039.9,-0.0006849723032938959
2021-07-09,6039.84,-9.933939303596873e-06
2021-07-12,6078.57,0.006412421521099887
2021-07-13,6012.03,-0.01094665357148139
2021-07-14,5979.22,-0.005457391263849254
2021-07-15,6046.75,0.011294115285940265
2021-07-16,6072.51,0.0042601397444907985
2021-07-19,6017.39,-0.00907697146649411
2021-07-21,6029.98,0.0020922692396536657
2021-07-22,6137.55,0.01783919681325652
2021-07-23,6101.69,-0.005842722258881938
2021-07-26,6106.39,0.0007702783982799222
2021-07-27,6097.05,-0.0015295452796169062
2021-07-28,6088.52,-0.0013990372393206663
2021-07-29,6120.73,0.005290284009906943
2021-07-30,6070.04,-0.008281691889692855
2021-08-02,6096.54,0.004365704344617249
2021-08-03,6130.57,0.005581854625738458
2021-08-04,6159.03,0.004642308953327401
2021-08-05,6205.42,0.007532030206055307
2021-08-06,6203.43,-0.0003206873990800885
2021-08-09,6127.46,-0.012246450753857219
2021-08-10,6088.41,-0.006372950619016771
2021-08-12,6139.65,0.008415990381725136
2021-08-13,6139.49,-2.606011743333525e-05
2021-08-16,6087.91,-0.008401349297742944
2021-08-18,6118.15,0.004967221920166409
2021-08-19,5992.32,-0.020566674566658172
2021-08-20,6030.77,0.006416546512869825
2021-08-23,6109.83,0.013109437103387966
2021-08-24,6089.5,-0.0033274248219672398
2021-08-25,6113.24,0.0038985138352902737
2021-08-26,6058.08,-0.009023038519672011
2021-08-27,6041.37,-0.002758299659297969
2021-08-30,6144.9,0.01713684147800909
2021-08-31,6150.3,0.000878777522823837
2021-09-01,6090.93,-0.009653187649382944
2021-09-02,6078.23,-0.0020850674691714755
2021-09-03,6126.92,0.008010555704539124
2021-09-06,6126.94,3.264282869563928e-06
2021-09-07,6112.4,-0.002373125899715056
2021-09-08,6026.02,-0.014131928538708038
2021-09-09,6068.22,0.007002963813595109
2021-09-10,6094.87,0.004391732666251258
2021-09-13,6088.16,-0.0011009258606008432
2021-09-14,6129.1,0.006724527607684605
2021-09-15,6110.23,-0.0030787554453346466
2021-09-16,6109.94,-4.746138852385062e-05
2021-09-17,6133.25,0.003815094747247949
2021-09-20,6076.31,-0.009283821791056912
2021-09-21,6060.76,-0.0025591189389613245
2021-09-22,6108.27,0.007838950890647345
2021-09-23,6142.71,0.005638257640870448
2021-09-24,6144.81,0.00034186865406327094
2021-09-27,6122.49,-0.003632333627890949
2021-09-28,6113.11,-0.0015320564018888039
2021-09-29,6162.55,0.008087536458529332
2021-09-30,6286.94,0.02018482608660377
2021-10-01,6228.85,-0.009239789150206512
2021-10-04,6342.69,0.01827624681923612
2021-10-05,6288.05,-0.008614641421857194
2021-10-06,6417.32,0.020558042636429352
2021-10-07,6416.4,-0.0001433620265157698
2021-10-08,6481.77,0.01018795586310084
2021-10-11,6459.7,-0.0034049341460743454
2021-10-12,6486.27,0.004113194111181828
2021-10-13,6536.9,0.007805718849199783
2021-10-14,6626.11,0.013647141611467184
2021-10-15,6633.34,0.0010911379376437047
2021-10-18,6658.77,0.0038336644887795313
2021-10-19,6656.0,-0.0004159927434046473
2021-10-21,6632.97,-0.003460036057692295
2021-10-22,6643.74,0.0016237070271687415
2021-10-25,6625.7,-0.0027153380475455346
2021-10-26,6656.94,0.004714973512232712
2021-10-27,6602.21,-0.00822149516144044
2021-10-28,6524.08,-0.011833916218963014
2021-10-29,6591.35,0.010311032360118322
2021-11-01,6552.89,-0.005834920008799371
2021-11-02,6493.27,-0.00909827572262012
2021-11-03,6552.13,0.009064770138928369
2021-11-04,6586.44,0.0052364650884519914
2021-11-05,6581.78,-0.0007075142261980805
2021-11-08,6632.3,0.007675735135480144
2021-11-09,6669.93,0.005673748171825865
2021-11-10,6683.15,0.001982029796414597
2021-11-11,6691.34,0.0012254700253624407
2021-11-12,6651.05,-0.006021215481502917
2021-11-15,6616.03,-0.005265334045000514
2021-11-16,6651.21,0.005317388222242148
2021-11-17,6675.8,0.003697071660645257
2021-11-18,6636.47,-0.005891428742622606
2021-11-19,6720.26,0.01262568805404074
2021-11-22,6723.39,0.0004657557892104869
2021-11-23,6677.88,-0.006768906756859261
2021-11-24,6683.28,0.0008086398677424889
2021-11-25,6699.35,0.0024045079661485502
2021-11-26,6561.55,-0.020569159694597272
2021-11-29,6608.29,0.0071233168992081985
2021-11-30,6533.93,-0.011252532803493698
2021-12-01,6507.68,-0.004017490239411781
2021-12-02,6583.82,0.01170002212770127
2021-12-03,6538.51,-0.006882022898560325
2021-12-06,6547.12,0.001316813769497882
2021-12-07,6602.57,0.008469372792922591
2021-12-08,6603.8,0.0001862910957399766
2021-12-09,6643.93,0.006076804264211422
2021-12-10,6652.92,0.0013531147980185843
2021-12-13,6662.87,0.001495583893989405
2021-12-14,6615.64,-0.007088536921776911
2021-12-15,6626.26,0.0016052868656697417
2021-12-16,6594.8,-0.004747776271984527
2021-12-17,6601.93,0.0010811548492752898
2021-12-20,6547.11,-0.008303632422640095
2021-12-21,6554.31,0.0010997218620125704
2021-12-22,6529.59,-0.003771564054797616
2021-12-23,6555.55,0.003975747328698986
2021-12-24,6562.9,0.0011211873908367753
2021-12-27,6575.44,0.0019107406786633696
2021-12-28,6598.34,0.00348265667392611
2021-12-29,6600.68,0.00035463465053342524
2021-12-30,6581.48,-0.0029087912154506235
2022-01-03,6665.31,0.012737256665674046
2022-01-04,6695.37,0.004509917768265703
2022-01-05,6662.3,-0.004939234127464109
2022-01-06,6653.35,-0.0013433799138435898
2022-01-07,6701.32,0.007209901778802985
2022-01-10,6691.12,-0.00152208818561117
2022-01-11,6647.97,-0.006448845634213662
2022-01-12,6647.06,-0.00013688389087196384
2022-01-13,6658.36,0.0016999996991149402
2022-01-14,6693.4,0.005262557146204161
2022-01-17,6645.05,-0.007223533630143053
2022-01-18,6614.06,-0.004663621793665973
2022-01-19,6591.98,-0.003338342863536292
2022-01-20,6626.87,0.005292795184451471
2022-01-21,6726.37,0.015014629832786897
2022-01-24,6655.17,-0.010585204203753307
2022-01-25,6568.17,-0.013072543601440723
2022-01-26,6600.82,0.004970943200312883
2022-01-27,6611.16,0.0015664720443824276
2022-01-28,6645.51,0.005195759896901686
2022-01-31,6631.15,-0.002160857481216749
2022-02-02,6707.65,0.011536460493277945
2022-02-03,6683.85,-0.003548187517237622
2022-02-04,6731.39,0.007112667100548364
2022-02-07,6804.94,0.010926420843243356
2022-02-08,6789.52,-0.002266000875834173
2022-02-09,6834.61,0.006641117486950288
2022-02-10,6823.64,-0.0016050659803558132
2022-02-11,6815.61,-0.0011767912726932117
2022-02-14,6734.49,-0.011902089468147414
2022-02-15,6807.5,0.01084120698078106
2022-02-16,6850.2,0.006272493573264759
2022-02-17,6835.12,-0.0022013955796911233
2022-02-18,6892.82,0.00844169524456051
2022-02-21,6902.96,0.0014710960100510206
2022-02-22,6861.99,-0.00593513507249066
2022-02-23,6920.06,0.00846255969478249
2022-02-24,6817.82,-0.014774438371921716
2022-02-25,6888.17,0.01031854757092443
2022-03-01,6921.44,0.004830020165007554
2022-03-02,6868.4,-0.007663145241452618
2022-03-04,6928.33,0.008725467357754368
2022-03-07,6869.07,-0.00855328773311903
2022-03-08,6814.18,-0.007990892508010439
2022-03-09,6864.44,0.007375795767062154
2022-03-10,6924.01,0.008678056767922993
2022-03-11,6922.6,-0.00020363922062505146
2022-03-14,6952.2,0.0042758501141189065
2022-03-15,6918.19,-0.004891976640487905
2022-03-16,6992.4,0.010726794147023933
2022-03-17,6964.38,-0.004007207825639236
2022-03-18,6954.96,-0.0013525970725319914
2022-03-21,6955.18,3.163210140688655e-05
2022-03-22,7000.82,0.006562015648768238
2022-03-23,6996.12,-0.0006713499275798895
2022-03-24,7049.69,0.007657101364756391
2022-03-25,7002.53,-0.006689655857207932
2022-03-28,7049.6,0.006721856243386393
2022-03-29,7011.69,-0.005377610077167638
2022-03-30,7053.19,0.0059186872209124886
2022-03-31,7071.44,0.0025874816926809707
2022-04-01,7078.76,0.0010351498421821148
2022-04-04,7116.22,0.005291887279692986
2022-04-05,7148.3,0.004508011275649038
2022-04-06,7104.22,-0.006166501126141921
2022-04-07,7127.37,0.0032586265628034017
2022-04-08,7210.83,0.011709789164867201
2022-04-11,7203.79,-0.0009763092459535994
2022-04-12,7214.78,0.0015255858374549902
2022-04-13,7262.78,0.00665300951657577
2022-04-14,7235.53,-0.0037520068073106927
2022-04-18,7275.29,0.005495105403474199
2022-04-19,7199.23,-0.010454566072280347
2022-04-20,7227.36,0.003907362315136442
2022-04-21,7276.19,0.006756270616103288
2022-04-22,7225.61,-0.006951440245513085
2022-04-25,7215.98,-0.001332759448683274
2022-04-26,7232.15,0.002240859869345524
2022-04-27,7196.76,-0.004893427265750816
2022-04-28,7228.91,0.0044672880574034846
2022-05-09,6909.75,-0.04415050125122599
2022-05-10,6819.79,-0.013019284344585547
2022-05-11,6816.2,-0.0005264091709569207
2022-05-12,6599.84,-0.031742026348992036
2022-05-13,6597.99,-0.00028030982569282603
2022-05-17,6644.47,0.007044569634085507
2022-05-18,6793.41,0.022415632849572598
2022-05-19,6823.33,0.004404268254087462
2022-05-20,6918.14,0.013894975034184354
2022-05-23,6840.77,-0.011183641845929682
2022-05-24,6914.14,0.01072540079552442
2022-05-25,6883.5,-0.004431498349758645
2022-05-27,7026.26,0.02073944940800465
2022-05-30,7037.56,0.001608252470019611
2022-05-31,7148.97,0.0158307708921841
2022-06-02,7148.72,-3.497007261188401e-05
2022-06-03,7182.96,0.004789668639980205
2022-06-06,7096.58,-0.012025683005334908
2022-06-07,7141.04,0.006264989614715777
2022-06-08,7193.31,0.007319662122043935
2022-06-09,7182.83,-0.001456909267082973
2022-06-10,7086.65,-0.01339026539678656
2022-06-13,6995.44,-0.01287067937600983
2022-06-14,7049.88,0.007782212412657419
2022-06-15,7007.05,-0.006075280713997988
2022-06-16,7050.33,0.006176636387638101
2022-06-17,6936.97,-0.016078680005049417
2022-06-20,6976.38,0.005681154740470262
2022-06-21,7044.07,0.009702739816351613
2022-06-22,6984.31,-0.008483731706243614
2022-06-23,6998.27,0.0019987658050688584
2022-06-24,7042.94,0.0063830060857896775
2022-06-27,7016.06,-0.003816587959005635
2022-06-28,6996.46,-0.0027935907047546005
2022-06-29,6942.35,-0.007733911149352624
2022-06-30,6911.58,-0.0044322167565737924
2022-07-01,6794.33,-0.01696428313063003
2022-07-04,6639.17,-0.02283668882730161
2022-07-05,6703.27,0.00965482131049522
2022-07-06,6646.41,-0.008482427233275747
2022-07-07,6652.59,0.0009298252740954638
2022-07-08,6740.22,0.01317231333961666
2022-07-11,6722.15,-0.0026809213942572407
2022-07-12,6718.29,-0.0005742210453499874
2022-07-13,6640.99,-0.011505904032127257
2022-07-14,6690.09,0.007393475972709007
2022-07-15,6651.9,-0.005708443384169759
2022-07-18,6659.25,0.0011049474586208863
2022-07-19,6736.09,0.011538836956113796
2022-07-20,6874.74,0.020583157291544474
2022-07-21,6864.13,-0.0015433310932485567
2022-07-22,6886.96,0.003325985958890554
2022-07-25,6858.41,-0.004145515583072967
2022-07-26,6871.54,0.0019144378944975227
2022-07-27,6898.22,0.0038826813203445276
2022-07-28,6956.82,0.008494945072786919
2022-07-29,6951.12,-0.0008193398708029598
2022-08-01,6968.78,0.0025405977741717045
2022-08-02,6988.16,0.0027809745751767867
2022-08-03,7046.63,0.008367009341514908
2022-08-04,7057.35,0.0015212945762725916
2022-08-05,7084.65,0.0038683075091925367
2022-08-08,7086.85,0.0003105305131518854
2022-08-09,7102.88,0.0022619358389128763
2022-08-10,7086.24,-0.002342711688779864
2022-08-11,7160.38,0.010462530199372377
2022-08-12,7129.28,-0.00434334490627597
2022-08-15,7093.28,-0.005049598276403833
2022-08-16,7133.45,0.005663106489522507
2022-08-18,7186.56,0.007445205335426808
2022-08-19,7172.43,-0.001966170184344085
2022-08-22,7107.98,-0.008985797003247309
2022-08-23,7163.27,0.0077785812565596135
2022-08-24,7194.71,0.004389056953039594
2022-08-25,7174.21,-0.0028493156777688045
2022-08-26,7135.25,-0.005430563086388562
2022-08-29,7132.04,-0.00044987912126415175
2022-08-30,7159.47,0.003846024419380756
2022-08-31,7178.59,0.0026705887446976107
2022-09-01,7153.1,-0.0035508365849002965
2022-09-02,7177.18,0.0033663726216606182
2022-09-05,7231.88,0.0076213777556086715
2022-09-06,7233.15,0.00017561132098431464
2022-09-07,7186.76,-0.006413526610121401
2022-09-08,7232.02,0.006297691866710586
2022-09-09,7242.66,0.0014712348693726174
2022-09-12,7254.46,0.0016292356675586817
2022-09-13,7318.02,0.008761506714490164
2022-09-14,7278.08,-0.005457760432466818
2022-09-15,7305.6,0.003781217024270145
2022-09-16,7168.87,-0.01871577967586513
2022-09-19,7195.49,0.0037132769878656102
2022-09-20,7196.95,0.00020290487513707767
2022-09-21,7188.31,-0.001200508548760193
2022-09-22,7218.91,0.0042569115689221615
2022-09-23,7178.58,-0.005586716000060887
2022-09-26,7127.5,-0.007115613394292453
2022-09-27,7112.45,-0.002111539810592755
2022-09-28,7077.03,-0.004979999859401452
2022-09-29,7036.2,-0.005769369354093445
2022-09-30,7040.8,0.0006537619737927436
2022-10-03,7009.72,-0.0044142711055561445
2022-10-04,7072.26,0.008921897022990954
2022-10-05,7075.38,0.00044116025146134774
2022-10-06,7076.62,0.0001752556046459297
2022-10-07,7026.78,-0.007042910315941842
2022-10-10,6994.4,-0.004608085068836698
2022-10-11,6939.15,-0.007899176484044368
2022-10-12,6909.21,-0.004314649488770139
2022-10-13,6880.63,-0.0041365076470392115
2022-10-14,6814.53,-0.009606678458222606
2022-10-17,6831.12,0.0024345039202997576
2022-10-18,6834.49,0.0004933305226668683
2022-10-19,6860.42,0.0037939919438028102
2022-10-20,6980.65,0.017525166097702494
2022-10-21,7017.77,0.005317556388015454
2022-10-24,7053.04,0.005025813043174621
2022-10-25,7048.38,-0.0006607080067602134
2022-10-26,7043.94,-0.0006299319843710016
2022-10-27,7091.76,0.006788814214771843
2022-10-28,7056.04,-0.005036831477658654
2022-10-31,7098.89,0.006072811378620369
2022-11-01,7052.3,-0.006562997877132881
2022-11-02,7015.69,-0.005191214213802642
2022-11-03,7034.57,0.002691110924228468
2022-11-04,7045.53,0.0015580198931846034
2022-11-07,7102.4,0.008071784521533454
2022-11-08,7050.13,-0.007359484118044546
2022-11-09,7070.08,0.0028297350545309907
2022-11-10,6966.84,-0.014602380736851606
2022-11-11,7089.21,0.017564634755498965
2022-11-14,7019.39,-0.009848770173263244
2022-11-15,7035.5,0.0022950712241376348
2022-11-16,7014.38,-0.00300191884016765
2022-11-17,7044.99,0.004363892460915952
2022-11-18,7082.18,0.00527892871388036
2022-11-21,7063.25,-0.0026729058001915273
2022-11-22,7030.59,-0.0046239337415495685
2022-11-23,7054.12,0.0033468030421344164
2022-11-24,7080.52,0.0037424937483343523
2022-11-25,7053.15,-0.0038655352996673775
2022-11-28,7017.36,-0.005074328491525004
2022-11-29,7012.07,-0.0007538447507324797
2022-11-30,7081.31,0.00987440228063896
2022-12-01,7020.8,-0.008545029097723478
2022-12-02,7019.64,-0.00016522333637192244
2022-12-05,6987.33,-0.004602800143597152
2022-12-06,6892.57,-0.013561689515165343
2022-12-07,6818.75,-0.010710083466689446
2022-12-08,6804.23,-0.002129422548121096
2022-12-09,6715.12,-0.013096265117434225
2022-12-12,6734.45,0.002878578491523509
2022-12-13,6810.32,0.011265953418616137
2022-12-14,6801.75,-0.001258384334363094
2022-12-15,6751.86,-0.007334877053699507
2022-12-16,6812.19,0.008935315601922955
2022-12-19,6779.7,-0.00476939134111054
2022-12-20,6768.32,-0.0016785403483929873
2022-12-21,6820.66,0.007733085906103776
2022-12-22,6824.43,0.000552732433518166
2022-12-23,6800.67,-0.0034816094530971675
2022-12-26,6835.81,0.005167137943761446
2022-12-27,6923.03,0.012759277978761752
2022-12-28,6850.52,-0.010473737655332882
2022-12-29,6860.08,0.0013955145010888792
2022-12-30,6850.62,-0.0013789926648085649
2023-01-02,6850.98,5.2549988176275875e-05
2023-01-03,6888.76,0.0055145395257321095
2023-01-04,6813.24,-0.010962785755346482
2023-01-05,6653.84,-0.02339562381480753
2023-01-06,6684.56,0.004616882882666262
2023-01-09,6688.27,0.0005550103522147243
2023-01-10,6622.5,-0.009833634108670886
2023-01-11,6584.45,-0.005745564363910938
2023-01-12,6629.93,0.006907182832279091
2023-01-13,6641.83,0.001794890745452804
2023-01-16,6688.06,0.006960431086010965
2023-01-17,6767.34,0.011853960640305194
2023-01-18,6765.79,-0.00022904124811229387
2023-01-19,6819.91,0.007999065888831813
2023-01-20,6874.93,0.00806755514368973
2023-01-24,6860.85,-0.002048020852575938
2023-01-25,6829.93,-0.0045067302156438505
2023-01-26,6864.82,0.0051083978898758264
2023-01-27,6898.98,0.004976095513065104
2023-01-30,6872.48,-0.00384114753195397
2023-01-31,6839.34,-0.004822131166623889
2023-02-01,6862.26,0.003351200554439382
2023-02-02,6890.57,0.004125463039873045
2023-02-03,6911.73,0.0030708635134684137
2023-02-06,6873.79,-0.0054892190522487505
2023-02-07,6935.3,0.008948484024097425
2023-02-08,6940.12,0.0006949951696393342
2023-02-09,6897.37,-0.006159835852982409
2023-02-10,6880.33,-0.002470506874359346
2023-02-13,6900.14,0.002879222362880851
2023-02-14,6941.85,0.0060448048880168415
2023-02-15,6914.54,-0.0039341097834151295
2023-02-16,6895.66,-0.0027304780939875206
2023-02-17,6895.71,7.250937546166014e-06
2023-02-20,6894.72,-0.00014356752241606596
2023-02-21,6873.4,-0.0030922212939757943
2023-02-22,6809.97,-0.009228329502138588
2023-02-23,6839.45,0.004328947117241189
2023-02-24,6856.58,0.002504587357170518
2023-02-27,6854.78,-0.0002625215486438126
2023-02-28,6843.24,-0.0016834967715958493
2023-03-01,6844.94,0.00024842033890370985
2023-03-02,6857.42,0.0018232446157309123
2023-03-03,6813.64,-0.006384325300185734
2023-03-06,6807.0,-0.0009745158241409868
2023-03-07,6766.76,-0.005911561627736095
2023-03-08,6776.37,0.0014201774556803493
2023-03-09,6799.79,0.003456127690784294
2023-03-10,6765.3,-0.005072215465477536
2023-03-13,6786.96,0.0032016318566803204
2023-03-14,6641.81,-0.02138660018623939
2023-03-15,6628.14,-0.0020581739013914024
2023-03-16,6565.73,-0.009415914570301886
2023-03-17,6678.24,0.01713594680256425
2023-03-20,6612.49,-0.009845408371067843
2023-03-21,6691.61,0.011965235486178338
2023-03-24,6762.25,0.010556502844606852
2023-03-27,6708.93,-0.007884949536027142
2023-03-28,6760.33,0.007661430362218669
2023-03-29,6839.44,0.011702091465949138
2023-03-30,6808.95,-0.004457967318961753
2023-03-31,6805.28,-0.0005389964678842452
2023-04-03,6827.17,0.0032166200362071518
2023-04-04,6833.18,0.0008803061883622121
2023-04-05,6819.67,-0.001977117535320372
2023-04-06,6792.77,-0.003944472386493758
2023-04-10,6771.23,-0.0031710185977150696
2023-04-11,6811.31,0.005919160920541788
2023-04-12,6798.96,-0.0018131607576222786
2023-04-13,6785.6,-0.0019650064127454403
2023-04-14,6818.57,0.004858818674840837
2023-04-17,6787.58,-0.004544941241345302
2023-04-18,6821.81,0.0050430344835714624
2023-04-26,6910.15,0.01294964239695906
2023-04-27,6945.48,0.005112768897925557
2023-04-28,6915.72,-0.004284801050467246
2023-05-02,6863.3,-0.007579832613234805
2023-05-03,6812.72,-0.007369632683985827
2023-05-04,6844.03,0.00459581488744587
2023-05-05,6787.63,-0.00824075873425445
2023-05-08,6769.63,-0.002651882910529868
2023-05-09,6779.98,0.00152888710313559
2023-05-10,6811.9,0.004707978489612019
2023-05-11,6755.94,-0.008215035452663777
2023-05-12,6707.76,-0.007131502055968464
2023-05-15,6711.74,0.0005933426359916449
2023-05-16,6676.56,-0.005241561800665595
2023-05-17,6663.11,-0.0020145104664678337
2023-05-19,6700.56,0.005620498535969132
2023-05-22,6729.65,0.004341428179137186
2023-05-23,6736.68,0.001044630850044248
2023-05-24,6745.8,0.0013537825753933141
2023-05-25,6704.23,-0.006162352871416421
2023-05-26,6687.0,-0.0025700192266673305
2023-05-29,6681.1,-0.0008823089576790455
2023-05-30,6636.42,-0.006687521515918116
2023-05-31,6633.26,-0.0004761603394600744
2023-06-05,6633.44,2.713597838766013e-05
2023-06-06,6618.92,-0.0021889095250728907
2023-06-07,6619.75,0.00012539810120082429
2023-06-08,6666.33,0.007036519506023575
2023-06-09,6694.02,0.004153709762342972
2023-06-12,6722.37,0.00423512328914466
2023-06-13,6719.01,-0.0004998237228833746
2023-06-14,6699.72,-0.002870958668018009
2023-06-15,6713.79,0.0021000877648618133
2023-06-16,6698.55,-0.0022699548243242385
2023-06-19,6686.06,-0.0018645826335550453
2023-06-20,6660.46,-0.003828861840904807
2023-06-21,6702.63,0.006331394528305889
2023-06-22,6652.26,-0.0075149605453381785
2023-06-23,6639.73,-0.0018835703956250338
2023-06-26,6664.67,0.003756176832491853
2023-06-27,6661.88,-0.0004186253783008409
2023-07-03,6696.72,0.005229754964064304
2023-07-04,6681.75,-0.0022354227144034677
2023-07-05,6718.98,0.005571893590750943
2023-07-06,6757.33,0.005707711587175535
2023-07-07,6716.46,-0.006048246866735774
2023-07-10,6731.04,0.002170786396405333
2023-07-11,6796.92,0.009787491977465645
2023-07-12,6808.21,0.0016610464739912345
2023-07-13,6810.21,0.000293762971471212
2023-07-14,6869.57,0.008716324459891789
2023-07-17,6867.14,-0.0003537339309446219
2023-07-18,6830.2,-0.005379240848446432
2023-07-20,6864.19,0.004976428215864859
2023-07-21,6880.8,0.0024198048130952277
2023-07-24,6899.4,0.0027031740495291334
2023-07-25,6917.71,0.0026538539583151888
2023-07-26,6948.28,0.004419092445332229
2023-07-27,6896.66,-0.0074291767171156264
2023-07-28,6900.23,0.0005176418730226118
2023-07-31,6931.36,0.004511443821437755
2023-08-01,6886.5,-0.00647203434823751
2023-08-02,6854.51,-0.004645320554708454
2023-08-03,6898.08,0.006356398925670748
2023-08-04,6852.84,-0.0065583466703778015
2023-08-07,6886.37,0.004892861937532356
2023-08-08,6868.81,-0.0025499646402966647
2023-08-09,6875.11,0.0009171894403832148
2023-08-10,6893.28,0.0026428668050402226
2023-08-11,6879.98,-0.0019294153146253157
2023-08-14,6910.17,0.0043880941514364835
2023-08-15,6915.1,0.0007134412033278359
2023-08-16,6900.54,-0.0021055371578141413
2023-08-18,6859.91,-0.005887945001405659
2023-08-21,6866.03,0.0008921399843437872
2023-08-22,6916.45,0.007343399315179244
2023-08-23,6921.41,0.0007171308980762348
2023-08-24,6899.39,-0.0031814326849586294
2023-08-25,6895.44,-0.0005725143817063572
2023-08-28,6921.73,0.003812664601533733
2023-08-29,6957.83,0.005215459140995193
2023-08-30,6966.66,0.0012690738348020147
2023-08-31,6953.26,-0.0019234468166954288
2023-09-01,6977.65,0.0035077071762021905
2023-09-04,6996.75,0.002737311272419829
2023-09-05,6991.71,-0.0007203344409904
2023-09-06,6995.95,0.0006064324750310046
2023-09-07,6954.81,-0.005880545172564089
2023-09-08,6924.78,-0.004317874967109225
2023-09-11,6963.39,0.005575628395414922
2023-09-12,6933.97,-0.004224953650448948
2023-09-13,6935.48,0.0002177684645303657
2023-09-14,6959.33,0.003438839128654392
2023-09-15,6982.79,0.0033710141637197655
2023-09-18,6936.08,-0.006689303272760627
2023-09-19,6980.32,0.006378242465484796
2023-09-20,7011.68,0.0044926307103401175
2023-09-21,6991.47,-0.002882333477854049
2023-09-22,7016.84,0.0036287075536332036
2023-09-25,6998.38,-0.0026308138706312434
2023-09-26,6923.8,-0.010656751991175106
2023-09-27,6937.83,0.0020263439151910756
2023-09-29,6939.89,0.00029692281304094514
2023-10-02,6961.46,0.0031081184283900942
2023-10-03,6940.89,-0.0029548399330024955
2023-10-04,6886.58,-0.007824644966279548
2023-10-05,6874.83,-0.00170621701918805
2023-10-06,6888.52,0.001991321967234283
2023-10-09,6891.46,0.00042679704784176486
2023-10-10,6922.19,0.0044591421846749135
2023-10-11,6931.75,0.0013810658187654035
2023-10-12,6935.15,0.0004904966278356238
2023-10-13,6926.78,-0.0012068953086811218
2023-10-16,6896.29,-0.004401756660381895
2023-10-17,6939.62,0.006283088443206353
2023-10-18,6927.91,-0.0016874122790585533
2023-10-19,6846.43,-0.011761122762853349
2023-10-20,6849.17,0.0004002085758563201
2023-10-23,6741.96,-0.015652991530360594
2023-10-24,6806.76,0.009611448302867531
2023-10-25,6834.39,0.004059199971792715
2023-10-26,6714.52,-0.017539239054253586
2023-10-27,6758.79,0.006593174195623774
2023-10-30,6735.89,-0.0033881804287453354
2023-10-31,6752.21,0.002422842415775728
2023-11-01,6642.42,-0.01625986158605852
2023-11-02,6751.39,0.01640516558724081
2023-11-03,6788.85,0.005548487052295936
2023-11-06,6878.84,0.013255558747063079
2023-11-07,6843.79,-0.005095335841508231
2023-11-08,6804.11,-0.0057979569799775366
2023-11-09,6838.23,0.005014616165817332
2023-11-10,6809.26,-0.004236476398132183
2023-11-13,6838.31,0.00426624919594798
2023-11-14,6862.06,0.003473080337100809
2023-11-15,6958.21,0.01401182735213613
2023-11-16,6958.01,-2.8743024427235753e-05
2023-11-17,6977.67,0.0028255205152047935
2023-11-20,6994.89,0.0024678725133175927
2023-11-21,6961.79,-0.0047320258074109445
2023-11-22,6906.95,-0.007877284434032128
2023-11-23,7004.34,0.014100290287319295
2023-11-24,7009.63,0.0007552460331736732
2023-11-27,7013.41,0.000539258134880205
2023-11-28,7041.07,0.003943873237127082
2023-11-29,7036.09,-0.0007072788652859874
2023-11-30,7080.74,0.006345854018353858
2023-12-01,7059.91,-0.002941782920994118
2023-12-04,7093.6,0.004772015507279903
2023-12-05,7100.85,0.0010220480433067447
2023-12-06,7087.4,-0.0018941394340115103
2023-12-07,7134.62,0.006662527866354351
2023-12-08,7159.6,0.003501237627231868
2023-12-11,7088.79,-0.009890217330577156
2023-12-12,7125.31,0.0051517960046778555
2023-12-13,7075.34,-0.007013028205088645
2023-12-14,7176.02,0.014229704862239956
2023-12-15,7190.99,0.002086114587194432
2023-12-18,7119.52,-0.009938826225596054
2023-12-19,7187.85,0.009597557138683488
2023-12-20,7219.67,0.004426914863276288
2023-12-21,7209.62,-0.0013920303836602033
2023-12-22,7237.52,0.0038698294778365394
2023-12-26,7237.52,0.0
2023-12-27,7245.92,0.001160618554421955
2023-12-28,7303.89,0.008000364342968247
2023-12-29,7272.8,-0.004256635847473045
2024-01-02,7323.59,0.006983555164448374
2024-01-03,7279.09,-0.006076254951465021
2024-01-04,7359.76,0.011082429259701376
2024-01-05,7350.62,-0.001241888322445317
2024-01-08,7283.58,-0.00912031910233424
2024-01-09,7200.2,-0.011447667218593027
2024-01-10,7227.3,0.0037637843393238946
2024-01-11,7219.96,-0.0010155936518478903
2024-01-12,7241.14,0.002933534257807624
2024-01-15,7224.0,-0.002367030605678111
2024-01-16,7242.79,0.0026010520487265154
2024-01-17,7200.63,-0.005820961259404123
2024-01-18,7252.97,0.0072688084237073625
2024-01-19,7227.4,-0.0035254523319413478
2024-01-22,7247.93,0.0028405789080445665
2024-01-23,7256.23,0.0011451545475742453
2024-01-24,7227.82,-0.003915256269440226
2024-01-25,7178.04,-0.006887277214983167
2024-01-26,7137.09,-0.005704899944831698
2024-01-29,7157.17,0.0028134715969674318
2024-01-30,7192.22,0.0048971870166560905
2024-01-31,7207.94,0.002185695098314566
2024-02-01,7201.7,-0.0008657119787345291
2024-02-02,7238.79,0.005150172875848735
2024-02-05,7198.62,-0.005549269974678084
2024-02-06,7247.41,0.00677768794574507
2024-02-07,7235.15,-0.0016916388061390952
2024-02-12,7297.67,0.008641147730178433
2024-02-13,7209.74,-0.012049051272529532
2024-02-15,7303.28,0.012974115571435352
2024-02-16,7335.54,0.00441719337064983
2024-02-19,7296.7,-0.005294770391818471
2024-02-20,7352.6,0.007660997437197725
2024-02-21,7349.02,-0.00048690259228023614
2024-02-22,7339.64,-0.0012763606576114972
2024-02-23,7295.1,-0.006068417524565217
2024-02-26,7283.82,-0.0015462433688366861
2024-02-27,7285.32,0.00020593589627426745
2024-02-28,7328.64,0.005946204147518674
2024-02-29,7316.11,-0.0017097305912148197
2024-03-01,7311.91,-0.0005740755674804587
2024-03-04,7276.75,-0.004808593103580283
2024-03-05,7247.46,-0.004025148589686278
2024-03-06,7329.8,0.011361221724576653
2024-03-07,7373.96,0.006024721001937294
2024-03-08,7381.91,0.0010781181346251056
2024-03-13,7421.21,0.005323825405620042
2024-03-14,7433.31,0.0016304618788580694
2024-03-15,7328.05,-0.014160582566851154
2024-03-18,7302.45,-0.0034934259455108307
2024-03-19,7336.75,0.004697053728543121
2024-03-20,7331.13,-0.0007660067468565623
2024-03-21,7338.35,0.000984841354606969
2024-03-22,7350.15,0.0016079908971362578
2024-03-25,7377.76,0.0037563859240967723
2024-03-26,7365.66,-0.0016400641929258386
2024-03-27,7310.09,-0.007544469877784121
2024-03-28,7288.81,-0.002911044870856583
2024-04-01,7205.06,-0.011490215823982242
2024-04-02,7236.98,0.0044302198732555365
2024-04-03,7166.84,-0.00969188805275123
2024-04-04,7254.4,0.012217378928509603
2024-04-05,7286.88,0.00447728275253656
2024-04-16,7164.81,-0.016752025558263606
2024-04-17,7130.84,-0.004741228308915435
2024-04-18,7166.81,0.005044286507620566
2024-04-19,7087.32,-0.011091406078855282
2024-04-22,7073.82,-0.0019048102808960632
2024-04-23,7110.81,0.005229140690602874
2024-04-24,7174.53,0.008961004442531673
2024-04-25,7155.29,-0.002681708766985369
2024-04-26,7036.08,-0.016660400906182704
2024-04-29,7155.78,0.01701231367465983
2024-04-30,7234.2,0.01095897302600135
2024-05-01,7234.2,0.0
2024-05-02,7117.42,-0.01614276630449807
2024-05-03,7134.72,0.002430656052333502
2024-05-06,7135.89,0.00016398681377816082
2024-05-07,7123.61,-0.0017208785449328579
2024-05-08,7088.79,-0.004887971126998791
2024-05-13,7099.26,0.0014769798512863641
2024-05-14,7083.76,-0.00218332614948602
2024-05-15,7179.83,0.013562006617954259
2024-05-16,7246.7,0.009313590990315923
2024-05-17,7317.24,0.009734085859770758
2024-05-20,7266.69,-0.006908342489791219
2024-05-21,7186.04,-0.011098588215542327
2024-05-22,7222.38,0.005057027236141209
2024-05-27,7176.42,-0.006363553288528112
2024-05-28,7253.63,0.01075884633285118
2024-05-29,7140.23,-0.015633551752708752
2024-05-30,7034.14,-0.014858064796231973
2024-05-31,6970.74,-0.009013184269861085
2024-06-03,7036.19,0.009389247052680183
2024-06-04,7099.31,0.008970764007225629
2024-06-05,6947.67,-0.021359822292589037
2024-06-06,6974.9,0.0039192995637384875
2024-06-07,6897.95,-0.011032416235358222
2024-06-10,6921.55,0.0034213063301415936
2024-06-11,6855.69,-0.009515209743482411
2024-06-12,6850.1,-0.0008153810922021387
2024-06-13,6831.56,-0.0027065298316812925
2024-06-14,6734.83,-0.014159284263038141
2024-06-19,6726.92,-0.0011744914125523254
2024-06-20,6819.32,0.013735855339441994
2024-06-21,6879.98,0.00889531507540342
2024-06-24,6889.17,0.0013357596969758578
2024-06-25,6882.7,-0.0009391552247949297
2024-06-26,6905.64,0.0033329943190900657
2024-06-27,6967.95,0.009023059412306411
2024-06-28,7063.58,0.013724266104090832
2024-07-01,7139.63,0.010766495176666835
2024-07-02,7125.14,-0.0020295169357515963
2024-07-03,7196.75,0.01005032883564394
2024-07-04,7220.89,0.0033542918678570732
2024-07-05,7253.37,0.004498060488388411
2024-07-08,7250.98,-0.00032950201078951746
2024-07-09,7269.8,0.002595511227448055
2024-07-10,7287.04,0.0023714545104405182
2024-07-11,7300.41,0.0018347641840856799
2024-07-12,7327.58,0.003721708780739741
2024-07-15,7278.86,-0.00664885269079285
2024-07-16,7224.29,-0.007497053109964957
2024-07-17,7224.22,-9.689533504331216e-06
2024-07-18,7321.07,0.013406291613488941
2024-07-19,7294.5,-0.003629250915508253
2024-07-22,7321.98,0.0037672218794981838
2024-07-23,7313.86,-0.0011089896448774894
2024-07-24,7262.76,-0.006986734774797387
2024-07-25,7240.28,-0.003095242029201084
2024-07-26,7288.17,0.006614385079030116
2024-07-29,7288.9,0.00010016231783827045
2024-07-30,7241.86,-0.006453648698706238
2024-07-31,7255.76,0.0019193963981629647
2024-08-01,7325.98,0.009677828373595432
2024-08-02,7308.12,-0.0024378990933635603
2024-08-05,7059.65,-0.033999168048691075
2024-08-06,7129.21,0.009853179690211267
2024-08-07,7212.13,0.011631022231074706
2024-08-08,7195.12,-0.0023585265379298948
2024-08-09,7257.0,0.008600273518718282
2024-08-12,7297.63,0.005598732258508932
2024-08-13,7356.64,0.008086186885331248
2024-08-14,7436.04,0.01079297070401708
2024-08-15,7409.5,-0.0035691039854546247
2024-08-16,7432.09,0.0030487887171875006
2024-08-19,7466.83,0.0046743244497846614
2024-08-20,7533.98,0.008993106847216215
2024-08-21,7554.59,0.00273560588161903
2024-08-22,7488.68,-0.008724497292374567
2024-08-23,7544.3,0.007427210135831697
2024-08-26,7606.19,0.008203544397757279
2024-08-27,7597.88,-0.0010925312147079813
2024-08-28,7658.88,0.00802855533385638
2024-08-29,7627.6,-0.004084148073869809
2024-08-30,7670.73,0.0056544653626302566
2024-09-02,7694.53,0.003102703393288442
2024-09-03,7616.52,-0.010138371024610904
2024-09-04,7672.9,0.007402330723217387
2024-09-05,7681.04,0.0010608765916406693
2024-09-06,7721.85,0.005313082603397579
2024-09-09,7702.74,-0.002474795547699138
2024-09-10,7761.39,0.0076141736576855745
2024-09-11,7760.96,-5.5402447242114405e-05
2024-09-12,7798.15,0.004791932956747624
2024-09-13,7812.13,0.001792732891775728
2024-09-17,7831.78,0.0025153191255138374
2024-09-18,7829.13,-0.0003383649693938784
2024-09-19,7905.39,0.009740545884408647
2024-09-20,7743.0,-0.020541681055583627
2024-09-23,7775.73,0.004227043781479978
2024-09-24,7778.49,0.0003549505962785471
2024-09-25,7740.9,-0.004832557475808352
2024-09-26,7744.52,0.0004676458809700357
2024-09-27,7696.92,-0.006146281499692763
2024-09-30,7527.93,-0.021955535460937647
2024-10-01,7642.13,0.015170172942628346
2024-10-02,7563.26,-0.010320421139132674
2024-10-03,7543.83,-0.002568998024661373
2024-10-04,7496.09,-0.006328350453284282
2024-10-07,7504.13,0.001072559160842479
2024-10-08,7557.14,0.007064110030076787
2024-10-09,7501.29,-0.007390361962329672
2024-10-10,7480.08,-0.0028275136676492174
2024-10-11,7520.6,0.005417054363054952
2024-10-14,7559.65,0.005192404861314115
2024-10-15,7626.95,0.008902528556216316
2024-10-16,7648.94,0.0028831970840244026
2024-10-17,7735.04,0.011256461679657548
2024-10-18,7760.06,0.0032346309779911486
2024-10-21,7772.6,0.0016159668868540589
2024-10-22,7788.98,0.0021074029282350804
2024-10-23,7787.56,-0.00018230885173653455
2024-10-24,7716.55,-0.009118388814981837
2024-10-25,7694.66,-0.0028367599510144004
2024-10-28,7634.63,-0.007801514296927992
2024-10-29,7606.6,-0.0036714287398341705
2024-10-30,7569.85,-0.004831330686509094
2024-10-31,7574.02,0.0005508695680891407
2024-11-01,7505.26,-0.009078402222333692
2024-11-04,7479.5,-0.003432259508664659
2024-11-05,7491.93,0.0016618757938364759
2024-11-06,7383.87,-0.014423519707205013
2024-11-07,7243.86,-0.018961601436645048
2024-11-08,7287.19,0.005981617535402384
2024-11-11,7266.46,-0.0028447179228207053
2024-11-12,7321.99,0.007641960459425778
2024-11-13,7308.67,-0.0018191775733099602
2024-11-14,7214.56,-0.012876487787791713
2024-11-15,7161.26,-0.00738783792774611
2024-11-18,7134.28,-0.0037674934299272156
2024-11-19,7195.71,0.00861053953587465
2024-11-20,7180.33,-0.0021373846361234516
2024-11-21,7140.91,-0.005489998370548421
2024-11-22,7195.56,0.007653086231306672
2024-11-25,7314.11,0.01647543763098347
2024-11-26,7245.89,-0.009327177195858294
2024-11-28,7200.16,-0.006311163983996559
2024-11-29,7114.27,-0.011928901579964846
2024-12-02,7046.99,-0.009457049001513895
2024-12-03,7196.02,0.021148036253776592
2024-12-04,7326.76,0.01816837640807001
2024-12-05,7313.31,-0.0018357363964426332
2024-12-06,7382.79,0.009500486100001204
2024-12-09,7437.73,0.0074416311448652905
2024-12-10,7453.29,0.0020920361454368486
2024-12-11,7464.75,0.001537576023474152
2024-12-12,7394.24,-0.009445728256137209
2024-12-13,7324.79,-0.00939244601203093
2024-12-16,7258.63,-0.009032340858918797
2024-12-17,7157.73,-0.013900694759203969
2024-12-18,7107.88,-0.0069644985211790855
2024-12-19,6977.24,-0.01837960123130955
2024-12-20,6983.87,0.0009502324701458065
2024-12-23,7096.44,0.01611857036285036
2024-12-24,7065.75,-0.004324703654226547
2024-12-27,7036.57,-0.004129780985741127
2024-12-30,7079.9,0.006157829738068443
2025-01-02,7163.21,0.011767115354736735
2025-01-03,7164.43,0.00017031470527872905
2025-01-06,7080.47,-0.011719006257301712
2025-01-07,7083.28,0.00039686630972224357
2025-01-08,7080.35,-0.00041365017336592036
2025-01-09,7064.59,-0.0022258786641903283
2025-01-10,7088.87,0.0034368590392364062
2025-01-13,7016.88,-0.010155356213331523
2025-01-14,6956.67,-0.008580736737695438
2025-01-15,7079.56,0.017665061013387273
2025-01-16,7107.52,0.003949397985185454
2025-01-17,7154.66,0.0066324118679932376
2025-01-20,7170.74,0.0022474862537142926
2025-01-21,7181.82,0.0015451682810978529
2025-01-22,7257.13,0.010486199876911462
2025-01-23,7232.64,-0.0033746122778564036
2025-01-24,7166.06,-0.009205490664542904
2025-01-30,7073.48,-0.012919233162993482
2025-01-31,7109.2,0.005049848165259663
2025-02-03,7030.06,-0.01113205423957675
2025-02-04,7073.46,0.0061734892732068225
2025-02-05,7024.23,-0.006959818815685748
2025-02-06,6875.54,-0.0211681565096814
2025-02-07,6742.58,-0.019338117442411762
2025-02-10,6648.14,-0.014006507894604114
2025-02-11,6531.99,-0.017471052053657177
2025-02-12,6645.78,0.017420418586066466
2025-02-13,6613.57,-0.004846684663049383
2025-02-14,6638.46,0.0037634741901877433
2025-02-17,6830.88,0.028985638235373923
2025-02-18,6873.55,0.0062466329374839535
2025-02-19,6794.87,-0.011446777865877222
2025-02-20,6788.04,-0.001005170076837314
2025-02-21,6803.0,0.002203876229368129
2025-02-24,6749.6,-0.007849478171394919
2025-02-25,6587.09,-0.02407698233969424
2025-02-26,6606.18,0.0028980930881465916
2025-02-27,6485.45,-0.018275311904913383
2025-02-28,6270.6,-0.03312800191197207
2025-03-03,6519.66,0.0397186872069657
2025-03-04,6380.4,-0.02136000957105133
2025-03-05,6531.4,0.02366622782270711
2025-03-06,6617.85,0.013236059650304721
2025-03-07,6636.0,0.0027425825608013987
2025-03-10,6598.21,-0.005694695599758881
2025-03-11,6545.85,-0.007935485533197562
2025-03-12,6665.04,0.01820848323747093
2025-03-13,6647.42,-0.002643645049392074
2025-03-14,6515.63,-0.019825736902437385
2025-03-17,6471.95,-0.006703879747622321
2025-03-18,6223.39,-0.03840573552020632
2025-03-19,6311.66,0.014183588044458073
2025-03-20,6381.67,0.011092169096561078
2025-03-21,6258.18,-0.019350734212204568
2025-03-24,6161.22,-0.015493322339721782
2025-03-25,6235.62,0.01207553049558352
2025-03-26,6472.36,0.037965751601284126
2025-03-27,6510.62,0.005911290472099928
2025-04-08,5996.14,-0.07902165999551491
2025-04-09,5967.99,-0.00469468691524888
2025-04-10,6254.02,0.04792735912761259
2025-04-11,6262.23,0.0013127556355749803
2025-04-14,6368.52,0.01697318686793703
2025-04-15,6441.68,0.011487755396858201
2025-04-16,6400.05,-0.006462599818680803
2025-04-17,6438.27,0.005971828345091135
2025-04-21,6445.97,0.00119597345249578
2025-04-22,6538.27,0.01431902413445929
2025-04-23,6634.38,0.014699607082607535
2025-04-24,6613.48,-0.0031502566931650433
2025-04-25,6678.92,0.009894941846047889
2025-04-28,6722.97,0.006595377695795213
2025-04-29,6749.08,0.003883700209877494
2025-04-30,6766.79,0.0026240613535475354
2025-05-02,6815.73,0.007232380493557455
2025-05-05,6831.95,0.0023797891054957443
2025-05-06,6898.2,0.009697085019650276
2025-05-07,6926.23,0.004063378852454225
2025-05-08,6827.75,-0.014218413191591894
2025-05-09,6832.8,0.0007396287210281738
2025-05-14,6979.88,0.02152558248448666
2025-05-15,7040.16,0.008636251626102487
2025-05-16,7106.53,0.009427342560396346
2025-05-19,7141.09,0.004863132921411717
2025-05-20,7094.6,-0.006510210626108903
2025-05-21,7142.46,0.006745975812589844
2025-05-22,7166.98,0.0034329908742924964
2025-05-23,7214.16,0.0065829680004687585
2025-05-26,7188.35,-0.0035776861062132292
2025-05-27,7198.97,0.0014773904999061394
2025-05-28,7175.82,-0.003215737806936292
2025-06-02,7065.07,-0.015433776209548222
2025-06-03,7044.82,-0.002866213639779902
2025-06-04,7069.04,0.003437987059995873
2025-06-05,7113.42,0.006278080191935542
2025-06-10,7230.75,0.01649417579729584
2025-06-11,7222.46,-0.001146492410884048
2025-06-12,7204.37,-0.0025046867687741337
2025-06-13,7166.06,-0.005317605842009687
2025-06-16,7117.59,-0.006763828379890757
2025-06-17,7155.85,0.005375414992996319
2025-06-18,7107.79,-0.006716183262645337
2025-06-19,6968.64,-0.01957711187302935
2025-06-20,6907.14,-0.00882525141204027
2025-06-23,6787.14,-0.017373326731469185
2025-06-24,6869.17,0.012086092227359346
2025-06-25,6832.14,-0.005390753176875762
2025-06-26,6897.4,0.009551911992435658
2025-06-30,6927.68,0.004390060022617215
2025-07-01,6915.36,-0.00177837313501783
2025-07-02,6881.25,-0.0049324980912056615
2025-07-03,6878.05,-0.00046503178928247735
2025-07-04,6865.19,-0.00186971598054686
2025-07-07,6900.93,0.005205973906039052
2025-07-08,6904.39,0.0005013816978292063
2025-07-09,6943.92,0.00572534286157067
2025-07-10,7005.37,0.008849468311846964
2025-07-11,7047.44,0.006005393005651394
2025-07-14,7097.15,0.007053625146152376
2025-07-15,7140.47,0.006103858591124611
2025-07-16,7192.02,0.007219412727733632
2025-07-17,7287.02,0.0132090845131132
2025-07-18,7311.92,0.0034170346726096756
2025-07-21,7398.19,0.011798542653639554
2025-07-22,7344.74,-0.007224740105350014
2025-07-23,7469.23,0.016949544844337527
2025-07-24,7530.9,0.008256540500158671
2025-07-25,7543.5,0.0016731067999840032
2025-07-28,7614.77,0.009447869026314004
2025-07-29,7617.91,0.0004123565124094508
2025-07-30,7549.89,-0.00892895820507189
2025-07-31,7484.34,-0.008682245701593039
2025-08-01,7537.77,0.0071389060358026946
2025-08-04,7464.65,-0.009700481707454744
2025-08-05,7515.19,0.006770578660754367
2025-08-06,7503.75,-0.0015222502691215611
2025-08-07,7490.18,-0.00180842911877388
2025-08-08,7533.38,0.005767551647623881
2025-08-11,7605.92,0.00962914389025915
2025-08-12,7791.7,0.024425710499190068
2025-08-13,7892.91,0.012989463146681812
2025-08-14,7931.25,0.004857524031060878
2025-08-15,7898.38,-0.004144365642237968
2025-08-19,7862.95,-0.004485729985136189
2025-08-20,7943.83,0.010286215733280812
2025-08-21,7890.71,-0.006686950752974319
2025-08-22,7858.85,-0.004037659475509714
2025-08-25,7926.91,0.008660300171144497
2025-08-26,7905.76,-0.0026681266723098673
2025-08-27,7936.18,0.003847827406852744
2025-08-28,7952.09,0.0020047428359739605
2025-08-29,7830.49,-0.015291577434360049
2025-09-01,7736.07,-0.012057993816478874
2025-09-02,7801.58,0.008468123995775567
2025-09-03,7885.86,0.01080293991729886
2025-09-04,7867.35,-0.0023472392357966054
2025-09-08,7766.85,-0.012774314095597594
2025-09-09,7628.6,-0.017800009012662765
2025-09-10,7699.01,0.009229740712581647
2025-09-11,7747.9,0.006350167099406168
2025-09-12,7854.06,0.013701777255772596
2025-09-15,7937.12,0.010575422138358936
2025-09-16,7957.7,0.0025928800370915717
2025-09-17,8025.18,0.008479837138871904
2025-09-18,8008.43,-0.002087180599064431
2025-09-19,8051.12,0.0053306328456388385
2025-09-22,8040.04,-0.0013762060433827328
2025-09-23,8125.2,0.010591987104541678
2025-09-24,8126.56,0.0001673804952493363
2025-09-25,8040.67,-0.010569047665925146
2025-09-26,8099.33,0.007295411949501673
2025-09-29,8123.25,0.0029533307076017312
2025-09-30,8061.06,-0.007655802788292809
2025-10-01,8043.82,-0.0021386765512229067
2025-10-02,8071.08,0.0033889370970510146
2025-10-03,8118.3,0.005850518146270467
2025-10-06,8139.89,0.002659423770986491
2025-10-07,8169.28,0.0036106139026448325
2025-10-08,8166.03,-0.00039783187747266524
2025-10-09,8250.94,0.010397953473107568
2025-10-10,8257.86,0.0008386923186933792
2025-10-13,8227.2,-0.0037128263254644356
2025-10-14,8066.52,-0.019530338389731616
2025-10-15,8051.17,-0.0019029271606592069
2025-10-16,8124.76,0.00914028644284004
2025-10-17,7915.66,-0.025736144821508655
2025-10-20,8088.98,0.02189583686009744
2025-10-21,8238.08,0.018432484689046236
2025-10-22,8152.55,-0.010382273539465525
2025-10-23,8274.35,0.014940110762890146
2025-10-24,8271.72,-0.0003178497404631164
2025-10-27,8117.15,-0.018686560957092313
2025-10-28,8092.63,-0.003020764677257315
2025-10-29,8166.22,0.009093459110326219
2025-10-30,8184.06,0.0021846092806707684
2025-10-31,8163.88,-0.002465768823786796
2025-11-03,8275.08,0.013620974340632142
2025-11-04,8241.91,-0.004008420462400353
2025-11-05,8318.53,0.00929638882249395
2025-11-06,8337.06,0.002227557032312033
2025-11-07,8394.59,0.006900514090099064
2025-11-10,8391.24,-0.0003990665416655492
2025-11-11,8366.51,-0.0029471210452804986
2025-11-12,8388.57,0.002636702758975984
2025-11-13,8372.0,-0.0019753068759037484
2025-11-14,8370.44,-0.00018633540372670065
2025-11-17,8416.88,0.005548095440621736
2025-11-18,8361.93,-0.00652854739523423
2025-11-19,8406.58,0.005339676366580504
2025-11-20,8419.92,0.0015868522038688937
2025-11-21,8414.35,-0.0006615264753109251
2025-11-24,8570.25,0.018527872028142323
2025-11-25,8521.88,-0.005643942708789207
2025-11-26,8602.13,0.0094169361690144
2025-11-27,8545.87,-0.0065402406148242775
2025-11-28,8508.71,-0.004348299236941577
2025-12-01,8548.79,0.0047104672741229425
2025-12-02,8617.04,0.00798358598117388
2025-12-03,8611.79,-0.0006092579354395333
2025-12-04,8640.2,0.0032989657202509015
2025-12-05,8632.76,-0.000861091178445017
2025-12-08,8710.7,0.009028398797140236
2025-12-09,8657.18,-0.0061441675181099775
2025-12-10,8700.92,0.005052453570331128
2025-12-11,8620.48,-0.009244999379376062
2025-12-12,8660.5,0.004642432903968263
2025-12-15,8649.66,-0.0012516598348825125
2025-12-16,8686.47,0.0042556586039219635
2025-12-17,8677.34,-0.001051059866666093
2025-12-18,8618.2,-0.006815452661760313
2025-12-19,8609.55,-0.0010036898656333726
2025-12-22,8645.84,0.004215086735079199
2025-12-23,8584.78,-0.007062356000110959
2025-12-24,8537.91,-0.005459662332639947
2025-12-29,8644.26,0.012456210009241131
